dpID,site,table,years_averaged,siteID,plotID,namedLocation,plotType,horizon,sampleTopDepth,sampleBottomDepth,sampleExtent,n_raw_records,coreCoordinateX_mean_2018_2024,coreCoordinateY_mean_2018_2024,decimalLatitude_mean_2018_2024,decimalLongitude_mean_2018_2024,coordinateUncertainty_mean_2018_2024,elevation_mean_2018_2024,elevationUncertainty_mean_2018_2024,standingWaterDepth_mean_2018_2024,soilTemp_mean_2018_2024,litterDepth_mean_2018_2024,soilCoreCount_mean_2018_2024,year_download_mean_2018_2024,collectYear_mean_2018_2024,coreCoordinateX_mean_2018_2024_unit,coreCoordinateY_mean_2018_2024_unit,decimalLatitude_mean_2018_2024_unit,decimalLongitude_mean_2018_2024_unit,coordinateUncertainty_mean_2018_2024_unit,elevation_mean_2018_2024_unit,elevationUncertainty_mean_2018_2024_unit,standingWaterDepth_mean_2018_2024_unit,soilTemp_mean_2018_2024_unit,litterDepth_mean_2018_2024_unit,soilCoreCount_mean_2018_2024_unit,year_download_mean_2018_2024_unit,collectYear_mean_2018_2024_unit
DP1.10086.001,TOOL,sls_soilCoreCollection,2018-2024,TOOL,TOOL_001,TOOL_001.basePlot.bgc,distributed,M,0,30.1,maximum,1,30,21,68.585776,-149.54318,20.1,804.5,0.1,0,5.4,0,2,2024,2024,meter,meter,decimalDegree,decimalDegree,meter,meter,meter,centimeter,degree,centimeter,number,NA,NA
DP1.10086.001,TOOL,sls_soilCoreCollection,2018-2024,TOOL,TOOL_001,TOOL_001.basePlot.bgc,distributed,M,8.4,16.3,obstruction,1,4,10.5,68.585776,-149.54318,20.1,804.5,0.1,0,2.5,0,1,2022,2022,meter,meter,decimalDegree,decimalDegree,meter,meter,meter,centimeter,degree,centimeter,number,NA,NA
DP1.10086.001,TOOL,sls_soilCoreCollection,2018-2024,TOOL,TOOL_001,TOOL_001.basePlot.bgc,distributed,M,10.3,30,maximum,1,30.5,28.5,68.585776,-149.54318,20.1,804.5,0.1,0,3.8,0,1,2022,2022,meter,meter,decimalDegree,decimalDegree,meter,meter,meter,centimeter,degree,centimeter,number,NA,NA
DP1.10086.001,TOOL,sls_soilCoreCollection,2018-2024,TOOL,TOOL_001,TOOL_001.basePlot.bgc,distributed,M,11.9,22.1,obstruction,1,8.5,20.5,68.585776,-149.54318,20.1,804.5,0.1,0,2.3,0,1,2022,2022,meter,meter,decimalDegree,decimalDegree,meter,meter,meter,centimeter,degree,centimeter,number,NA,NA
DP1.10086.001,TOOL,sls_soilCoreCollection,2018-2024,TOOL,TOOL_001,TOOL_001.basePlot.bgc,distributed,M,13.5,30,maximum,1,8.5,20.5,68.585776,-149.54318,20.1,804.5,0.1,0,3,0,1,2022,2022,meter,meter,decimalDegree,decimalDegree,meter,meter,meter,centimeter,degree,centimeter,number,NA,NA
DP1.10086.001,TOOL,sls_soilCoreCollection,2018-2024,TOOL,TOOL_001,TOOL_001.basePlot.bgc,distributed,M,14.6,30,maximum,1,4,10.5,68.585776,-149.54318,20.1,804.5,0.1,0,2.8,0,1,2022,2022,meter,meter,decimalDegree,decimalDegree,meter,meter,meter,centimeter,degree,centimeter,number,NA,NA
DP1.10086.001,TOOL,sls_soilCoreCollection,2018-2024,TOOL,TOOL_001,TOOL_001.basePlot.bgc,distributed,M,22,26,obstruction,1,30.5,28.5,68.585776,-149.54318,20.1,804.5,0.1,0,3.3,0,1,2022,2022,meter,meter,decimalDegree,decimalDegree,meter,meter,meter,centimeter,degree,centimeter,number,NA,NA
DP1.10086.001,TOOL,sls_soilCoreCollection,2018-2024,TOOL,TOOL_001,TOOL_001.basePlot.bgc,distributed,O,0,8.4,entire,1,4,10.5,68.585776,-149.54318,20.1,804.5,0.1,0,2.5,0,1,2022,2022,meter,meter,decimalDegree,decimalDegree,meter,meter,meter,centimeter,degree,centimeter,number,NA,NA
DP1.10086.001,TOOL,sls_soilCoreCollection,2018-2024,TOOL,TOOL_001,TOOL_001.basePlot.bgc,distributed,O,0,10.2,entire,1,33,13,68.585776,-149.54318,20.1,804.5,0.1,0,5.2,0,1,2021,2021,meter,meter,decimalDegree,decimalDegree,meter,meter,meter,centimeter,degree,centimeter,number,NA,NA
DP1.10086.001,TOOL,sls_soilCoreCollection,2018-2024,TOOL,TOOL_001,TOOL_001.basePlot.bgc,distributed,O,0,10.3,entire,1,30.5,28.5,68.585776,-149.54318,20.1,804.5,0.1,0,3.8,0,1,2022,2022,meter,meter,decimalDegree,decimalDegree,meter,meter,meter,centimeter,degree,centimeter,number,NA,NA
DP1.10086.001,TOOL,sls_soilCoreCollection,2018-2024,TOOL,TOOL_001,TOOL_001.basePlot.bgc,distributed,O,0,11.9,entire,1,8.5,20.5,68.585776,-149.54318,20.1,804.5,0.1,0,2.3,0,1,2022,2022,meter,meter,decimalDegree,decimalDegree,meter,meter,meter,centimeter,degree,centimeter,number,NA,NA
DP1.10086.001,TOOL,sls_soilCoreCollection,2018-2024,TOOL,TOOL_001,TOOL_001.basePlot.bgc,distributed,O,0,12,entire,1,10.5,35.5,68.585776,-149.54318,20.1,804.5,0.1,0,1.4,0.5,1,2018,2018,meter,meter,decimalDegree,decimalDegree,meter,meter,meter,centimeter,degree,centimeter,number,NA,NA
DP1.10086.001,TOOL,sls_soilCoreCollection,2018-2024,TOOL,TOOL_001,TOOL_001.basePlot.bgc,distributed,O,0,13.5,entire,1,8.5,20.5,68.585776,-149.54318,20.1,804.5,0.1,0,3,0,1,2022,2022,meter,meter,decimalDegree,decimalDegree,meter,meter,meter,centimeter,degree,centimeter,number,NA,NA
DP1.10086.001,TOOL,sls_soilCoreCollection,2018-2024,TOOL,TOOL_001,TOOL_001.basePlot.bgc,distributed,O,0,14,entire,1,37,28,68.585776,-149.54318,20.1,804.5,0.1,0,1.4,0.5,1,2018,2018,meter,meter,decimalDegree,decimalDegree,meter,meter,meter,centimeter,degree,centimeter,number,NA,NA
DP1.10086.001,TOOL,sls_soilCoreCollection,2018-2024,TOOL,TOOL_001,TOOL_001.basePlot.bgc,distributed,O,0,14.3,entire,1,20,35.5,68.585776,-149.54318,20.1,804.5,0.1,0,3.8,0,1,2021,2021,meter,meter,decimalDegree,decimalDegree,meter,meter,meter,centimeter,degree,centimeter,number,NA,NA
DP1.10086.001,TOOL,sls_soilCoreCollection,2018-2024,TOOL,TOOL_001,TOOL_001.basePlot.bgc,distributed,O,0,14.6,entire,1,4,10.5,68.585776,-149.54318,20.1,804.5,0.1,0,2.8,0,1,2022,2022,meter,meter,decimalDegree,decimalDegree,meter,meter,meter,centimeter,degree,centimeter,number,NA,NA
DP1.10086.001,TOOL,sls_soilCoreCollection,2018-2024,TOOL,TOOL_001,TOOL_001.basePlot.bgc,distributed,O,0,16.1,entire,1,19,34.5,68.585776,-149.54318,20.1,804.5,0.1,0,5.8,0,1,2021,2021,meter,meter,decimalDegree,decimalDegree,meter,meter,meter,centimeter,degree,centimeter,number,NA,NA
DP1.10086.001,TOOL,sls_soilCoreCollection,2018-2024,TOOL,TOOL_001,TOOL_001.basePlot.bgc,distributed,O,0,16.7,entire,1,35.5,10.5,68.585776,-149.54318,20.1,804.5,0.1,0,2.3,0,1,2019,2019,meter,meter,decimalDegree,decimalDegree,meter,meter,meter,centimeter,degree,centimeter,number,NA,NA
DP1.10086.001,TOOL,sls_soilCoreCollection,2018-2024,TOOL,TOOL_001,TOOL_001.basePlot.bgc,distributed,O,0,16.9,entire,1,7,28,68.585776,-149.54318,20.1,804.5,0.1,0,7.8,0,1,2024,2024,meter,meter,decimalDegree,decimalDegree,meter,meter,meter,centimeter,degree,centimeter,number,NA,NA
DP1.10086.001,TOOL,sls_soilCoreCollection,2018-2024,TOOL,TOOL_001,TOOL_001.basePlot.bgc,distributed,O,0,17,entire,1,30.5,34,68.585776,-149.54318,20.1,804.5,0.1,0,7.1,0,2,2023,2023,meter,meter,decimalDegree,decimalDegree,meter,meter,meter,centimeter,degree,centimeter,number,NA,NA
DP1.10086.001,TOOL,sls_soilCoreCollection,2018-2024,TOOL,TOOL_001,TOOL_001.basePlot.bgc,distributed,O,0,17.8,entire,1,20.5,1,68.585776,-149.54318,20.1,804.5,0.1,0,1.8,0,1,2024,2024,meter,meter,decimalDegree,decimalDegree,meter,meter,meter,centimeter,degree,centimeter,number,NA,NA
DP1.10086.001,TOOL,sls_soilCoreCollection,2018-2024,TOOL,TOOL_001,TOOL_001.basePlot.bgc,distributed,O,0,22,entire,1,30.5,28.5,68.585776,-149.54318,20.1,804.5,0.1,0,3.3,0,1,2022,2022,meter,meter,decimalDegree,decimalDegree,meter,meter,meter,centimeter,degree,centimeter,number,NA,NA
DP1.10086.001,TOOL,sls_soilCoreCollection,2018-2024,TOOL,TOOL_001,TOOL_001.basePlot.bgc,distributed,O,0,29.5,maximum,1,34,7,68.585776,-149.54318,20.1,804.5,0.1,0,4.1,0,1,2023,2023,meter,meter,decimalDegree,decimalDegree,meter,meter,meter,centimeter,degree,centimeter,number,NA,NA
DP1.10086.001,TOOL,sls_soilCoreCollection,2018-2024,TOOL,TOOL_001,TOOL_001.basePlot.bgc,distributed,O,0,30,entire,1,33,28,68.585776,-149.54318,20.1,804.5,0.1,0,3.1,0,1,2019,2019,meter,meter,decimalDegree,decimalDegree,meter,meter,meter,centimeter,degree,centimeter,number,NA,NA
DP1.10086.001,TOOL,sls_soilCoreCollection,2018-2024,TOOL,TOOL_001,TOOL_001.basePlot.bgc,distributed,O,0,30,maximum,2,21,8.75,68.585776,-149.54318,20.1,804.5,0.1,0,1.65,0.25,1,2018.5,2018.5,meter,meter,decimalDegree,decimalDegree,meter,meter,meter,centimeter,degree,centimeter,number,NA,NA
DP1.10086.001,TOOL,sls_soilCoreCollection,2018-2024,TOOL,TOOL_001,TOOL_001.basePlot.bgc,distributed,O,0,30.2,maximum,1,5,20,68.585776,-149.54318,20.1,804.5,0.1,0,5.5,0,1,2023,2023,meter,meter,decimalDegree,decimalDegree,meter,meter,meter,centimeter,degree,centimeter,number,NA,NA
DP1.10086.001,TOOL,sls_soilCoreCollection,2018-2024,TOOL,TOOL_001,TOOL_001.basePlot.bgc,distributed,NA,NA,NA,NA,3,NA,NA,68.585776,-149.54318,20.1,804.5,0.1,NA,NA,NA,NA,2020,2020,meter,meter,decimalDegree,decimalDegree,meter,meter,meter,centimeter,degree,centimeter,number,NA,NA
DP1.10086.001,TOOL,sls_soilCoreCollection,2018-2024,TOOL,TOOL_002,TOOL_002.basePlot.bgc,distributed,M,6,28.6,obstruction,1,3,1,68.627943,-149.347229,20.1,843.8,0.1,0,1.3,0,1,2022,2022,meter,meter,decimalDegree,decimalDegree,meter,meter,meter,centimeter,degree,centimeter,number,NA,NA
DP1.10086.001,TOOL,sls_soilCoreCollection,2018-2024,TOOL,TOOL_002,TOOL_002.basePlot.bgc,distributed,M,6.8,30,maximum,1,3,1,68.627943,-149.347229,20.1,843.8,0.1,0,1.7,0,1,2022,2022,meter,meter,decimalDegree,decimalDegree,meter,meter,meter,centimeter,degree,centimeter,number,NA,NA
DP1.10086.001,TOOL,sls_soilCoreCollection,2018-2024,TOOL,TOOL_002,TOOL_002.basePlot.bgc,distributed,O,0,6,entire,1,3,1,68.627943,-149.347229,20.1,843.8,0.1,0,1.3,0,1,2022,2022,meter,meter,decimalDegree,decimalDegree,meter,meter,meter,centimeter,degree,centimeter,number,NA,NA
DP1.10086.001,TOOL,sls_soilCoreCollection,2018-2024,TOOL,TOOL_002,TOOL_002.basePlot.bgc,distributed,O,0,6.8,entire,1,3,1,68.627943,-149.347229,20.1,843.8,0.1,0,1.7,0,1,2022,2022,meter,meter,decimalDegree,decimalDegree,meter,meter,meter,centimeter,degree,centimeter,number,NA,NA
DP1.10086.001,TOOL,sls_soilCoreCollection,2018-2024,TOOL,TOOL_002,TOOL_002.basePlot.bgc,distributed,O,0,10.3,entire,1,9.5,20.5,68.627943,-149.347229,20.1,843.8,0.1,0,2.6,0,1,2019,2019,meter,meter,decimalDegree,decimalDegree,meter,meter,meter,centimeter,degree,centimeter,number,NA,NA
DP1.10086.001,TOOL,sls_soilCoreCollection,2018-2024,TOOL,TOOL_002,TOOL_002.basePlot.bgc,distributed,O,0,10.8,entire,1,18,1,68.627943,-149.347229,20.1,843.8,0.1,0,2.7,0,1,2019,2019,meter,meter,decimalDegree,decimalDegree,meter,meter,meter,centimeter,degree,centimeter,number,NA,NA
DP1.10086.001,TOOL,sls_soilCoreCollection,2018-2024,TOOL,TOOL_002,TOOL_002.basePlot.bgc,distributed,O,0,11,entire,1,2.5,0.5,68.627943,-149.347229,20.1,843.8,0.1,0,1.1,0,1,2018,2018,meter,meter,decimalDegree,decimalDegree,meter,meter,meter,centimeter,degree,centimeter,number,NA,NA
DP1.10086.001,TOOL,sls_soilCoreCollection,2018-2024,TOOL,TOOL_002,TOOL_002.basePlot.bgc,distributed,O,0,14,obstruction,1,17,33,68.627943,-149.347229,20.1,843.8,0.1,0,1.6,0,1,2022,2022,meter,meter,decimalDegree,decimalDegree,meter,meter,meter,centimeter,degree,centimeter,number,NA,NA
DP1.10086.001,TOOL,sls_soilCoreCollection,2018-2024,TOOL,TOOL_002,TOOL_002.basePlot.bgc,distributed,O,0,16,entire,1,22.5,1,68.627943,-149.347229,20.1,843.8,0.1,0,1.5,0,1,2018,2018,meter,meter,decimalDegree,decimalDegree,meter,meter,meter,centimeter,degree,centimeter,number,NA,NA
DP1.10086.001,TOOL,sls_soilCoreCollection,2018-2024,TOOL,TOOL_002,TOOL_002.basePlot.bgc,distributed,O,0,16.5,entire,1,18,9,68.627943,-149.347229,20.1,843.8,0.1,0,1.7,0,1,2021,2021,meter,meter,decimalDegree,decimalDegree,meter,meter,meter,centimeter,degree,centimeter,number,NA,NA
DP1.10086.001,TOOL,sls_soilCoreCollection,2018-2024,TOOL,TOOL_002,TOOL_002.basePlot.bgc,distributed,O,0,17.4,entire,1,39,19.5,68.627943,-149.347229,20.1,843.8,0.1,0,3.8,0,1,2021,2021,meter,meter,decimalDegree,decimalDegree,meter,meter,meter,centimeter,degree,centimeter,number,NA,NA
DP1.10086.001,TOOL,sls_soilCoreCollection,2018-2024,TOOL,TOOL_002,TOOL_002.basePlot.bgc,distributed,O,0,19.4,entire,2,21.75,20,68.627943,-149.347229,20.1,843.8,0.1,0,2.95,0.15,1.5,2023.5,2023.5,meter,meter,decimalDegree,decimalDegree,meter,meter,meter,centimeter,degree,centimeter,number,NA,NA
DP1.10086.001,TOOL,sls_soilCoreCollection,2018-2024,TOOL,TOOL_002,TOOL_002.basePlot.bgc,distributed,O,0,19.8,entire,1,14,31,68.627943,-149.347229,20.1,843.8,0.1,3,1.4,0,1,2021,2021,meter,meter,decimalDegree,decimalDegree,meter,meter,meter,centimeter,degree,centimeter,number,NA,NA
DP1.10086.001,TOOL,sls_soilCoreCollection,2018-2024,TOOL,TOOL_002,TOOL_002.basePlot.bgc,distributed,O,0,20.2,obstruction,1,11.5,38.5,68.627943,-149.347229,20.1,843.8,0.1,0,1.5,0,1,2023,2023,meter,meter,decimalDegree,decimalDegree,meter,meter,meter,centimeter,degree,centimeter,number,NA,NA
DP1.10086.001,TOOL,sls_soilCoreCollection,2018-2024,TOOL,TOOL_002,TOOL_002.basePlot.bgc,distributed,O,0,20.5,entire,2,17,17,68.627943,-149.347229,20.1,843.8,0.1,0,1.65,0.3,1,2021,2021,meter,meter,decimalDegree,decimalDegree,meter,meter,meter,centimeter,degree,centimeter,number,NA,NA
DP1.10086.001,TOOL,sls_soilCoreCollection,2018-2024,TOOL,TOOL_002,TOOL_002.basePlot.bgc,distributed,O,0,21.3,entire,1,35.5,26,68.627943,-149.347229,20.1,843.8,0.1,0,2.6,0,1,2019,2019,meter,meter,decimalDegree,decimalDegree,meter,meter,meter,centimeter,degree,centimeter,number,NA,NA
DP1.10086.001,TOOL,sls_soilCoreCollection,2018-2024,TOOL,TOOL_002,TOOL_002.basePlot.bgc,distributed,O,0,23.4,entire,1,12,5.5,68.627943,-149.347229,20.1,843.8,0.1,0,3.3,1,1,2024,2024,meter,meter,decimalDegree,decimalDegree,meter,meter,meter,centimeter,degree,centimeter,number,NA,NA
DP1.10086.001,TOOL,sls_soilCoreCollection,2018-2024,TOOL,TOOL_002,TOOL_002.basePlot.bgc,distributed,O,0,27.3,obstruction,1,31,25,68.627943,-149.347229,20.1,843.8,0.1,0,1.9,0,1,2022,2022,meter,meter,decimalDegree,decimalDegree,meter,meter,meter,centimeter,degree,centimeter,number,NA,NA
DP1.10086.001,TOOL,sls_soilCoreCollection,2018-2024,TOOL,TOOL_002,TOOL_002.basePlot.bgc,distributed,O,0,28.1,entire,1,32,35,68.627943,-149.347229,20.1,843.8,0.1,0,5,0,1,2023,2023,meter,meter,decimalDegree,decimalDegree,meter,meter,meter,centimeter,degree,centimeter,number,NA,NA
DP1.10086.001,TOOL,sls_soilCoreCollection,2018-2024,TOOL,TOOL_002,TOOL_002.basePlot.bgc,distributed,O,0,30,maximum,2,24,29,68.627943,-149.347229,20.1,843.8,0.1,0,2.85,0,1,2022,2022,meter,meter,decimalDegree,decimalDegree,meter,meter,meter,centimeter,degree,centimeter,number,NA,NA
DP1.10086.001,TOOL,sls_soilCoreCollection,2018-2024,TOOL,TOOL_002,TOOL_002.basePlot.bgc,distributed,NA,NA,NA,NA,3,NA,NA,68.627943,-149.347229,20.1,843.8,0.1,NA,NA,NA,NA,2020,2020,meter,meter,decimalDegree,decimalDegree,meter,meter,meter,centimeter,degree,centimeter,number,NA,NA
DP1.10086.001,TOOL,sls_soilCoreCollection,2018-2024,TOOL,TOOL_003,TOOL_003.basePlot.bgc,distributed,M,0,29.2,maximum,1,28.5,7.5,68.640255,-149.642461,20.1,707.8,0.1,0,3.1,0.6,1,2024,2024,meter,meter,decimalDegree,decimalDegree,meter,meter,meter,centimeter,degree,centimeter,number,NA,NA
DP1.10086.001,TOOL,sls_soilCoreCollection,2018-2024,TOOL,TOOL_003,TOOL_003.basePlot.bgc,distributed,M,0,30,maximum,1,28,31,68.640255,-149.642461,20.1,707.8,0.1,0,5.6,0,2,2024,2024,meter,meter,decimalDegree,decimalDegree,meter,meter,meter,centimeter,degree,centimeter,number,NA,NA
DP1.10086.001,TOOL,sls_soilCoreCollection,2018-2024,TOOL,TOOL_003,TOOL_003.basePlot.bgc,distributed,M,25.5,30,maximum,1,37,22.5,68.640255,-149.642461,20.1,707.8,0.1,0,3.6,0,1,2022,2022,meter,meter,decimalDegree,decimalDegree,meter,meter,meter,centimeter,degree,centimeter,number,NA,NA
DP1.10086.001,TOOL,sls_soilCoreCollection,2018-2024,TOOL,TOOL_003,TOOL_003.basePlot.bgc,distributed,M,NA,NA,NA,1,37,22.5,68.640255,-149.642461,20.1,707.8,0.1,NA,NA,NA,NA,2022,2022,meter,meter,decimalDegree,decimalDegree,meter,meter,meter,centimeter,degree,centimeter,number,NA,NA
DP1.10086.001,TOOL,sls_soilCoreCollection,2018-2024,TOOL,TOOL_003,TOOL_003.basePlot.bgc,distributed,O,0,9,entire,1,4.5,4.5,68.640255,-149.642461,20.1,707.8,0.1,0,12.7,0,2,2021,2021,meter,meter,decimalDegree,decimalDegree,meter,meter,meter,centimeter,degree,centimeter,number,NA,NA
DP1.10086.001,TOOL,sls_soilCoreCollection,2018-2024,TOOL,TOOL_003,TOOL_003.basePlot.bgc,distributed,O,0,9.1,entire,1,9,3,68.640255,-149.642461,20.1,707.8,0.1,0,10.5,0,2,2024,2024,meter,meter,decimalDegree,decimalDegree,meter,meter,meter,centimeter,degree,centimeter,number,NA,NA
DP1.10086.001,TOOL,sls_soilCoreCollection,2018-2024,TOOL,TOOL_003,TOOL_003.basePlot.bgc,distributed,O,0,9.5,entire,1,4,9,68.640255,-149.642461,20.1,707.8,0.1,0,5,0,1,2018,2018,meter,meter,decimalDegree,decimalDegree,meter,meter,meter,centimeter,degree,centimeter,number,NA,NA
DP1.10086.001,TOOL,sls_soilCoreCollection,2018-2024,TOOL,TOOL_003,TOOL_003.basePlot.bgc,distributed,O,0,18.7,entire,1,36,18.5,68.640255,-149.642461,20.1,707.8,0.1,0,4.6,0,1,2023,2023,meter,meter,decimalDegree,decimalDegree,meter,meter,meter,centimeter,degree,centimeter,number,NA,NA
DP1.10086.001,TOOL,sls_soilCoreCollection,2018-2024,TOOL,TOOL_003,TOOL_003.basePlot.bgc,distributed,O,0,21.4,obstruction,1,39.5,17,68.640255,-149.642461,20.1,707.8,0.1,0,1.5,0,1,2022,2022,meter,meter,decimalDegree,decimalDegree,meter,meter,meter,centimeter,degree,centimeter,number,NA,NA
DP1.10086.001,TOOL,sls_soilCoreCollection,2018-2024,TOOL,TOOL_003,TOOL_003.basePlot.bgc,distributed,O,0,25.3,entire,1,39,6.5,68.640255,-149.642461,20.1,707.8,0.1,0,2.4,0,1,2021,2021,meter,meter,decimalDegree,decimalDegree,meter,meter,meter,centimeter,degree,centimeter,number,NA,NA
DP1.10086.001,TOOL,sls_soilCoreCollection,2018-2024,TOOL,TOOL_003,TOOL_003.basePlot.bgc,distributed,O,0,25.3,obstruction,1,39.5,17,68.640255,-149.642461,20.1,707.8,0.1,0,1.2,0,1,2022,2022,meter,meter,decimalDegree,decimalDegree,meter,meter,meter,centimeter,degree,centimeter,number,NA,NA
DP1.10086.001,TOOL,sls_soilCoreCollection,2018-2024,TOOL,TOOL_003,TOOL_003.basePlot.bgc,distributed,O,0,25.5,entire,1,37,22.5,68.640255,-149.642461,20.1,707.8,0.1,0,3.6,0,1,2022,2022,meter,meter,decimalDegree,decimalDegree,meter,meter,meter,centimeter,degree,centimeter,number,NA,NA
DP1.10086.001,TOOL,sls_soilCoreCollection,2018-2024,TOOL,TOOL_003,TOOL_003.basePlot.bgc,distributed,O,0,26.4,entire,1,28.5,39.5,68.640255,-149.642461,20.1,707.8,0.1,0,8.4,0,1,2021,2021,meter,meter,decimalDegree,decimalDegree,meter,meter,meter,centimeter,degree,centimeter,number,NA,NA
DP1.10086.001,TOOL,sls_soilCoreCollection,2018-2024,TOOL,TOOL_003,TOOL_003.basePlot.bgc,distributed,O,0,27.8,obstruction,1,21,36,68.640255,-149.642461,20.1,707.8,0.1,0,4.8,0,1,2023,2023,meter,meter,decimalDegree,decimalDegree,meter,meter,meter,centimeter,degree,centimeter,number,NA,NA
DP1.10086.001,TOOL,sls_soilCoreCollection,2018-2024,TOOL,TOOL_003,TOOL_003.basePlot.bgc,distributed,O,0,28.3,obstruction,1,36,8.5,68.640255,-149.642461,20.1,707.8,0.1,0,3.1,0,1,2019,2019,meter,meter,decimalDegree,decimalDegree,meter,meter,meter,centimeter,degree,centimeter,number,NA,NA
DP1.10086.001,TOOL,sls_soilCoreCollection,2018-2024,TOOL,TOOL_003,TOOL_003.basePlot.bgc,distributed,O,0,29,entire,1,21.5,30,68.640255,-149.642461,20.1,707.8,0.1,13,4.4,NA,1,2018,2018,meter,meter,decimalDegree,decimalDegree,meter,meter,meter,centimeter,degree,centimeter,number,NA,NA
DP1.10086.001,TOOL,sls_soilCoreCollection,2018-2024,TOOL,TOOL_003,TOOL_003.basePlot.bgc,distributed,O,0,30,maximum,6,14.916666666666668,32.333333333333336,68.640255,-149.642461,20.1,707.8,0.1,4,3.9499999999999997,0,1,2020.3333333333333,2020.3333333333333,meter,meter,decimalDegree,decimalDegree,meter,meter,meter,centimeter,degree,centimeter,number,NA,NA
DP1.10086.001,TOOL,sls_soilCoreCollection,2018-2024,TOOL,TOOL_003,TOOL_003.basePlot.bgc,distributed,O,0,31.2,maximum,1,1,38,68.640255,-149.642461,20.1,707.8,0.1,0,5.3,0,1,2023,2023,meter,meter,decimalDegree,decimalDegree,meter,meter,meter,centimeter,degree,centimeter,number,NA,NA
DP1.10086.001,TOOL,sls_soilCoreCollection,2018-2024,TOOL,TOOL_003,TOOL_003.basePlot.bgc,distributed,NA,NA,NA,NA,3,NA,NA,68.640255,-149.642461,20.1,707.8,0.1,NA,NA,NA,NA,2020,2020,meter,meter,decimalDegree,decimalDegree,meter,meter,meter,centimeter,degree,centimeter,number,NA,NA
DP1.10086.001,TOOL,sls_soilCoreCollection,2018-2024,TOOL,TOOL_004,TOOL_004.basePlot.bgc,distributed,M,4.8,19.9,obstruction,1,18.5,8,68.616768,-149.629355,20.1,782.2,0.1,0,2,0,1,2022,2022,meter,meter,decimalDegree,decimalDegree,meter,meter,meter,centimeter,degree,centimeter,number,NA,NA
DP1.10086.001,TOOL,sls_soilCoreCollection,2018-2024,TOOL,TOOL_004,TOOL_004.basePlot.bgc,distributed,M,5.3,30,maximum,1,18.5,8,68.616768,-149.629355,20.1,782.2,0.1,0,0.6,0,1,2022,2022,meter,meter,decimalDegree,decimalDegree,meter,meter,meter,centimeter,degree,centimeter,number,NA,NA
DP1.10086.001,TOOL,sls_soilCoreCollection,2018-2024,TOOL,TOOL_004,TOOL_004.basePlot.bgc,distributed,M,9.3,21.5,obstruction,1,1,33,68.616768,-149.629355,20.1,782.2,0.1,0,1.1,0,1,2022,2022,meter,meter,decimalDegree,decimalDegree,meter,meter,meter,centimeter,degree,centimeter,number,NA,NA
DP1.10086.001,TOOL,sls_soilCoreCollection,2018-2024,TOOL,TOOL_004,TOOL_004.basePlot.bgc,distributed,M,13.4,20.3,obstruction,1,36.5,39.5,68.616768,-149.629355,20.1,782.2,0.1,0,0.9,0,1,2022,2022,meter,meter,decimalDegree,decimalDegree,meter,meter,meter,centimeter,degree,centimeter,number,NA,NA
DP1.10086.001,TOOL,sls_soilCoreCollection,2018-2024,TOOL,TOOL_004,TOOL_004.basePlot.bgc,distributed,M,14.5,25,obstruction,1,1,33,68.616768,-149.629355,20.1,782.2,0.1,0,0.6,0,1,2022,2022,meter,meter,decimalDegree,decimalDegree,meter,meter,meter,centimeter,degree,centimeter,number,NA,NA
DP1.10086.001,TOOL,sls_soilCoreCollection,2018-2024,TOOL,TOOL_004,TOOL_004.basePlot.bgc,distributed,M,NA,NA,NA,1,36.5,39.5,68.616768,-149.629355,20.1,782.2,0.1,NA,NA,NA,NA,2022,2022,meter,meter,decimalDegree,decimalDegree,meter,meter,meter,centimeter,degree,centimeter,number,NA,NA
DP1.10086.001,TOOL,sls_soilCoreCollection,2018-2024,TOOL,TOOL_004,TOOL_004.basePlot.bgc,distributed,O,0,3.7,entire,1,22.5,3,68.616768,-149.629355,20.1,782.2,0.1,0,3.6,0,3,2023,2023,meter,meter,decimalDegree,decimalDegree,meter,meter,meter,centimeter,degree,centimeter,number,NA,NA
DP1.10086.001,TOOL,sls_soilCoreCollection,2018-2024,TOOL,TOOL_004,TOOL_004.basePlot.bgc,distributed,O,0,3.8,entire,1,1,15.5,68.616768,-149.629355,20.1,782.2,0.1,0,1.1,0,2,2018,2018,meter,meter,decimalDegree,decimalDegree,meter,meter,meter,centimeter,degree,centimeter,number,NA,NA
DP1.10086.001,TOOL,sls_soilCoreCollection,2018-2024,TOOL,TOOL_004,TOOL_004.basePlot.bgc,distributed,O,0,4.8,entire,1,18.5,8,68.616768,-149.629355,20.1,782.2,0.1,0,2,0,1,2022,2022,meter,meter,decimalDegree,decimalDegree,meter,meter,meter,centimeter,degree,centimeter,number,NA,NA
DP1.10086.001,TOOL,sls_soilCoreCollection,2018-2024,TOOL,TOOL_004,TOOL_004.basePlot.bgc,distributed,O,0,5.3,entire,1,18.5,8,68.616768,-149.629355,20.1,782.2,0.1,0,0.6,0,2,2022,2022,meter,meter,decimalDegree,decimalDegree,meter,meter,meter,centimeter,degree,centimeter,number,NA,NA
DP1.10086.001,TOOL,sls_soilCoreCollection,2018-2024,TOOL,TOOL_004,TOOL_004.basePlot.bgc,distributed,O,0,6.3,entire,1,1,11,68.616768,-149.629355,20.1,782.2,0.1,0,3.4,0,2,2021,2021,meter,meter,decimalDegree,decimalDegree,meter,meter,meter,centimeter,degree,centimeter,number,NA,NA
DP1.10086.001,TOOL,sls_soilCoreCollection,2018-2024,TOOL,TOOL_004,TOOL_004.basePlot.bgc,distributed,O,0,7,entire,1,37.5,10.5,68.616768,-149.629355,20.1,782.2,0.1,0,0.9,0,1,2018,2018,meter,meter,decimalDegree,decimalDegree,meter,meter,meter,centimeter,degree,centimeter,number,NA,NA
DP1.10086.001,TOOL,sls_soilCoreCollection,2018-2024,TOOL,TOOL_004,TOOL_004.basePlot.bgc,distributed,O,0,8.2,entire,1,21.5,32,68.616768,-149.629355,20.1,782.2,0.1,0,4.3,0.4,4,2024,2024,meter,meter,decimalDegree,decimalDegree,meter,meter,meter,centimeter,degree,centimeter,number,NA,NA
DP1.10086.001,TOOL,sls_soilCoreCollection,2018-2024,TOOL,TOOL_004,TOOL_004.basePlot.bgc,distributed,O,0,8.3,entire,1,32,13.5,68.616768,-149.629355,20.1,782.2,0.1,0,2.1,0,2,2024,2024,meter,meter,decimalDegree,decimalDegree,meter,meter,meter,centimeter,degree,centimeter,number,NA,NA
DP1.10086.001,TOOL,sls_soilCoreCollection,2018-2024,TOOL,TOOL_004,TOOL_004.basePlot.bgc,distributed,O,0,8.8,entire,1,15,30.5,68.616768,-149.629355,20.1,782.2,0.1,0,2.6,0,2,2024,2024,meter,meter,decimalDegree,decimalDegree,meter,meter,meter,centimeter,degree,centimeter,number,NA,NA
DP1.10086.001,TOOL,sls_soilCoreCollection,2018-2024,TOOL,TOOL_004,TOOL_004.basePlot.bgc,distributed,O,0,9.1,entire,1,5,23.5,68.616768,-149.629355,20.1,782.2,0.1,0,4.5,0,3,2023,2023,meter,meter,decimalDegree,decimalDegree,meter,meter,meter,centimeter,degree,centimeter,number,NA,NA
DP1.10086.001,TOOL,sls_soilCoreCollection,2018-2024,TOOL,TOOL_004,TOOL_004.basePlot.bgc,distributed,O,0,9.3,entire,1,1,33,68.616768,-149.629355,20.1,782.2,0.1,0,1.1,0,1,2022,2022,meter,meter,decimalDegree,decimalDegree,meter,meter,meter,centimeter,degree,centimeter,number,NA,NA
DP1.10086.001,TOOL,sls_soilCoreCollection,2018-2024,TOOL,TOOL_004,TOOL_004.basePlot.bgc,distributed,O,0,11.2,entire,1,39,37,68.616768,-149.629355,20.1,782.2,0.1,0,4,0,2,2023,2023,meter,meter,decimalDegree,decimalDegree,meter,meter,meter,centimeter,degree,centimeter,number,NA,NA
DP1.10086.001,TOOL,sls_soilCoreCollection,2018-2024,TOOL,TOOL_004,TOOL_004.basePlot.bgc,distributed,O,0,13.1,entire,1,15.5,35,68.616768,-149.629355,20.1,782.2,0.1,0,1.6,0,2,2019,2019,meter,meter,decimalDegree,decimalDegree,meter,meter,meter,centimeter,degree,centimeter,number,NA,NA
DP1.10086.001,TOOL,sls_soilCoreCollection,2018-2024,TOOL,TOOL_004,TOOL_004.basePlot.bgc,distributed,O,0,13.4,entire,1,36.5,39.5,68.616768,-149.629355,20.1,782.2,0.1,0,0.9,0,1,2022,2022,meter,meter,decimalDegree,decimalDegree,meter,meter,meter,centimeter,degree,centimeter,number,NA,NA
DP1.10086.001,TOOL,sls_soilCoreCollection,2018-2024,TOOL,TOOL_004,TOOL_004.basePlot.bgc,distributed,O,0,13.9,entire,1,14.5,39.5,68.616768,-149.629355,20.1,782.2,0.1,0,4.7,0,1,2021,2021,meter,meter,decimalDegree,decimalDegree,meter,meter,meter,centimeter,degree,centimeter,number,NA,NA
DP1.10086.001,TOOL,sls_soilCoreCollection,2018-2024,TOOL,TOOL_004,TOOL_004.basePlot.bgc,distributed,O,0,14.5,entire,1,1,33,68.616768,-149.629355,20.1,782.2,0.1,0,0.6,0,1,2022,2022,meter,meter,decimalDegree,decimalDegree,meter,meter,meter,centimeter,degree,centimeter,number,NA,NA
DP1.10086.001,TOOL,sls_soilCoreCollection,2018-2024,TOOL,TOOL_004,TOOL_004.basePlot.bgc,distributed,O,0,17.2,entire,1,32,1,68.616768,-149.629355,20.1,782.2,0.1,0,1.1,0,1,2019,2019,meter,meter,decimalDegree,decimalDegree,meter,meter,meter,centimeter,degree,centimeter,number,NA,NA
DP1.10086.001,TOOL,sls_soilCoreCollection,2018-2024,TOOL,TOOL_004,TOOL_004.basePlot.bgc,distributed,O,0,20.3,entire,1,5.5,34.5,68.616768,-149.629355,20.1,782.2,0.1,0,1.1,0.5,1,2018,2018,meter,meter,decimalDegree,decimalDegree,meter,meter,meter,centimeter,degree,centimeter,number,NA,NA
DP1.10086.001,TOOL,sls_soilCoreCollection,2018-2024,TOOL,TOOL_004,TOOL_004.basePlot.bgc,distributed,O,0,21.9,entire,1,36.5,39.5,68.616768,-149.629355,20.1,782.2,0.1,0,1.5,0,1,2022,2022,meter,meter,decimalDegree,decimalDegree,meter,meter,meter,centimeter,degree,centimeter,number,NA,NA
DP1.10086.001,TOOL,sls_soilCoreCollection,2018-2024,TOOL,TOOL_004,TOOL_004.basePlot.bgc,distributed,O,0,22,entire,1,31,26.5,68.616768,-149.629355,20.1,782.2,0.1,0,1.1,0,1,2019,2019,meter,meter,decimalDegree,decimalDegree,meter,meter,meter,centimeter,degree,centimeter,number,NA,NA
DP1.10086.001,TOOL,sls_soilCoreCollection,2018-2024,TOOL,TOOL_004,TOOL_004.basePlot.bgc,distributed,O,0,22.9,entire,1,38,28.5,68.616768,-149.629355,20.1,782.2,0.1,0,5,0,1,2021,2021,meter,meter,decimalDegree,decimalDegree,meter,meter,meter,centimeter,degree,centimeter,number,NA,NA
DP1.10086.001,TOOL,sls_soilCoreCollection,2018-2024,TOOL,TOOL_004,TOOL_004.basePlot.bgc,distributed,NA,NA,NA,NA,3,NA,NA,68.616768,-149.629355,20.1,782.2,0.1,NA,NA,NA,NA,2020,2020,meter,meter,decimalDegree,decimalDegree,meter,meter,meter,centimeter,degree,centimeter,number,NA,NA
DP1.10086.001,TOOL,sls_soilCoreCollection,2018-2024,TOOL,TOOL_005,TOOL_005.basePlot.bgc,distributed,M,0,30.1,maximum,1,0,20,68.560148,-149.528532,20.1,834.7,0.1,0,4.1,0,2,2024,2024,meter,meter,decimalDegree,decimalDegree,meter,meter,meter,centimeter,degree,centimeter,number,NA,NA
DP1.10086.001,TOOL,sls_soilCoreCollection,2018-2024,TOOL,TOOL_005,TOOL_005.basePlot.bgc,distributed,M,3.6,26.4,entire,1,1,13,68.560148,-149.528532,20.1,834.7,0.1,0,1.5,0,1,2022,2022,meter,meter,decimalDegree,decimalDegree,meter,meter,meter,centimeter,degree,centimeter,number,NA,NA
DP1.10086.001,TOOL,sls_soilCoreCollection,2018-2024,TOOL,TOOL_005,TOOL_005.basePlot.bgc,distributed,M,5,23.5,obstruction,1,38,17,68.560148,-149.528532,20.1,834.7,0.1,0,1.1,0,1,2022,2022,meter,meter,decimalDegree,decimalDegree,meter,meter,meter,centimeter,degree,centimeter,number,NA,NA
DP1.10086.001,TOOL,sls_soilCoreCollection,2018-2024,TOOL,TOOL_005,TOOL_005.basePlot.bgc,distributed,M,5.9,30,maximum,1,1,13,68.560148,-149.528532,20.1,834.7,0.1,0,1.8,0,1,2022,2022,meter,meter,decimalDegree,decimalDegree,meter,meter,meter,centimeter,degree,centimeter,number,NA,NA
DP1.10086.001,TOOL,sls_soilCoreCollection,2018-2024,TOOL,TOOL_005,TOOL_005.basePlot.bgc,distributed,M,13.5,27,obstruction,1,38,17,68.560148,-149.528532,20.1,834.7,0.1,0,2.5,0,1,2022,2022,meter,meter,decimalDegree,decimalDegree,meter,meter,meter,centimeter,degree,centimeter,number,NA,NA
DP1.10086.001,TOOL,sls_soilCoreCollection,2018-2024,TOOL,TOOL_005,TOOL_005.basePlot.bgc,distributed,O,0,3.6,entire,1,1,13,68.560148,-149.528532,20.1,834.7,0.1,0,1.5,0,1,2022,2022,meter,meter,decimalDegree,decimalDegree,meter,meter,meter,centimeter,degree,centimeter,number,NA,NA
DP1.10086.001,TOOL,sls_soilCoreCollection,2018-2024,TOOL,TOOL_005,TOOL_005.basePlot.bgc,distributed,O,0,5,obstruction,1,38,17,68.560148,-149.528532,20.1,834.7,0.1,0,1.1,0,1,2022,2022,meter,meter,decimalDegree,decimalDegree,meter,meter,meter,centimeter,degree,centimeter,number,NA,NA
DP1.10086.001,TOOL,sls_soilCoreCollection,2018-2024,TOOL,TOOL_005,TOOL_005.basePlot.bgc,distributed,O,0,5.9,entire,1,1,13,68.560148,-149.528532,20.1,834.7,0.1,0,1.8,0,2,2022,2022,meter,meter,decimalDegree,decimalDegree,meter,meter,meter,centimeter,degree,centimeter,number,NA,NA
DP1.10086.001,TOOL,sls_soilCoreCollection,2018-2024,TOOL,TOOL_005,TOOL_005.basePlot.bgc,distributed,O,0,10,entire,2,34.5,15.25,68.560148,-149.528532,20.1,834.7,0.1,0,2.75,0,1.5,2021.5,2021.5,meter,meter,decimalDegree,decimalDegree,meter,meter,meter,centimeter,degree,centimeter,number,NA,NA
DP1.10086.001,TOOL,sls_soilCoreCollection,2018-2024,TOOL,TOOL_005,TOOL_005.basePlot.bgc,distributed,O,0,10.1,entire,1,36,6,68.560148,-149.528532,20.1,834.7,0.1,0,3.3,0,2,2023,2023,meter,meter,decimalDegree,decimalDegree,meter,meter,meter,centimeter,degree,centimeter,number,NA,NA
DP1.10086.001,TOOL,sls_soilCoreCollection,2018-2024,TOOL,TOOL_005,TOOL_005.basePlot.bgc,distributed,O,0,12,entire,1,9,32.5,68.560148,-149.528532,20.1,834.7,0.1,0,1.9,0,1,2019,2019,meter,meter,decimalDegree,decimalDegree,meter,meter,meter,centimeter,degree,centimeter,number,NA,NA
DP1.10086.001,TOOL,sls_soilCoreCollection,2018-2024,TOOL,TOOL_005,TOOL_005.basePlot.bgc,distributed,O,0,13,obstruction,1,35,9.5,68.560148,-149.528532,20.1,834.7,0.1,0,1.3,0.5,1,2018,2018,meter,meter,decimalDegree,decimalDegree,meter,meter,meter,centimeter,degree,centimeter,number,NA,NA
DP1.10086.001,TOOL,sls_soilCoreCollection,2018-2024,TOOL,TOOL_005,TOOL_005.basePlot.bgc,distributed,O,0,13.1,entire,1,33.5,28.5,68.560148,-149.528532,20.1,834.7,0.1,0,4.3,0,1,2024,2024,meter,meter,decimalDegree,decimalDegree,meter,meter,meter,centimeter,degree,centimeter,number,NA,NA
DP1.10086.001,TOOL,sls_soilCoreCollection,2018-2024,TOOL,TOOL_005,TOOL_005.basePlot.bgc,distributed,O,0,13.5,entire,1,38,17,68.560148,-149.528532,20.1,834.7,0.1,0,2.5,0,1,2022,2022,meter,meter,decimalDegree,decimalDegree,meter,meter,meter,centimeter,degree,centimeter,number,NA,NA
DP1.10086.001,TOOL,sls_soilCoreCollection,2018-2024,TOOL,TOOL_005,TOOL_005.basePlot.bgc,distributed,O,0,14.1,entire,1,4.5,33.5,68.560148,-149.528532,20.1,834.7,0.1,0,1.3,0,1,2021,2021,meter,meter,decimalDegree,decimalDegree,meter,meter,meter,centimeter,degree,centimeter,number,NA,NA
DP1.10086.001,TOOL,sls_soilCoreCollection,2018-2024,TOOL,TOOL_005,TOOL_005.basePlot.bgc,distributed,O,0,15,entire,1,4,22.5,68.560148,-149.528532,20.1,834.7,0.1,0,4.6,0,1,2023,2023,meter,meter,decimalDegree,decimalDegree,meter,meter,meter,centimeter,degree,centimeter,number,NA,NA
DP1.10086.001,TOOL,sls_soilCoreCollection,2018-2024,TOOL,TOOL_005,TOOL_005.basePlot.bgc,distributed,O,0,16,NA,1,35.5,22.5,68.560148,-149.528532,20.1,834.7,0.1,0,1.3,0,1,2019,2019,meter,meter,decimalDegree,decimalDegree,meter,meter,meter,centimeter,degree,centimeter,number,NA,NA
DP1.10086.001,TOOL,sls_soilCoreCollection,2018-2024,TOOL,TOOL_005,TOOL_005.basePlot.bgc,distributed,O,0,17,entire,1,28.5,38,68.560148,-149.528532,20.1,834.7,0.1,0,1.5,0,1,2018,2018,meter,meter,decimalDegree,decimalDegree,meter,meter,meter,centimeter,degree,centimeter,number,NA,NA
DP1.10086.001,TOOL,sls_soilCoreCollection,2018-2024,TOOL,TOOL_005,TOOL_005.basePlot.bgc,distributed,O,0,18,entire,1,8.5,0,68.560148,-149.528532,20.1,834.7,0.1,0,1.1,0,1,2018,2018,meter,meter,decimalDegree,decimalDegree,meter,meter,meter,centimeter,degree,centimeter,number,NA,NA
DP1.10086.001,TOOL,sls_soilCoreCollection,2018-2024,TOOL,TOOL_005,TOOL_005.basePlot.bgc,distributed,O,0,19.3,obstruction,1,39,36,68.560148,-149.528532,20.1,834.7,0.1,0,1.2,0,1,2022,2022,meter,meter,decimalDegree,decimalDegree,meter,meter,meter,centimeter,degree,centimeter,number,NA,NA
DP1.10086.001,TOOL,sls_soilCoreCollection,2018-2024,TOOL,TOOL_005,TOOL_005.basePlot.bgc,distributed,O,0,20.1,entire,1,18.5,9,68.560148,-149.528532,20.1,834.7,0.1,0,3.5,0,1,2023,2023,meter,meter,decimalDegree,decimalDegree,meter,meter,meter,centimeter,degree,centimeter,number,NA,NA
DP1.10086.001,TOOL,sls_soilCoreCollection,2018-2024,TOOL,TOOL_005,TOOL_005.basePlot.bgc,distributed,O,0,22.6,entire,1,21.5,38,68.560148,-149.528532,20.1,834.7,0.1,0,3.4,0,1,2021,2021,meter,meter,decimalDegree,decimalDegree,meter,meter,meter,centimeter,degree,centimeter,number,NA,NA
DP1.10086.001,TOOL,sls_soilCoreCollection,2018-2024,TOOL,TOOL_005,TOOL_005.basePlot.bgc,distributed,O,0,24.6,entire,1,39,36,68.560148,-149.528532,20.1,834.7,0.1,0,1.1,0,1,2022,2022,meter,meter,decimalDegree,decimalDegree,meter,meter,meter,centimeter,degree,centimeter,number,NA,NA
DP1.10086.001,TOOL,sls_soilCoreCollection,2018-2024,TOOL,TOOL_005,TOOL_005.basePlot.bgc,distributed,O,0,25.9,entire,1,0,0.5,68.560148,-149.528532,20.1,834.7,0.1,0,4.3,0,1,2021,2021,meter,meter,decimalDegree,decimalDegree,meter,meter,meter,centimeter,degree,centimeter,number,NA,NA
DP1.10086.001,TOOL,sls_soilCoreCollection,2018-2024,TOOL,TOOL_005,TOOL_005.basePlot.bgc,distributed,NA,NA,NA,NA,3,NA,NA,68.560148,-149.528532,20.1,834.7,0.1,NA,NA,NA,NA,2020,2020,meter,meter,decimalDegree,decimalDegree,meter,meter,meter,centimeter,degree,centimeter,number,NA,NA
DP1.10086.001,TOOL,sls_soilCoreCollection,2018-2024,TOOL,TOOL_006,TOOL_006.basePlot.bgc,distributed,M,10.1,30,maximum,1,6.5,11,68.622127,-149.280182,20.1,931.5,0.1,0,1,0,1,2022,2022,meter,meter,decimalDegree,decimalDegree,meter,meter,meter,centimeter,degree,centimeter,number,NA,NA
DP1.10086.001,TOOL,sls_soilCoreCollection,2018-2024,TOOL,TOOL_006,TOOL_006.basePlot.bgc,distributed,M,11,27.8,obstruction,1,33.5,23,68.622127,-149.280182,20.1,931.5,0.1,0,2.4,0,1,2022,2022,meter,meter,decimalDegree,decimalDegree,meter,meter,meter,centimeter,degree,centimeter,number,NA,NA
DP1.10086.001,TOOL,sls_soilCoreCollection,2018-2024,TOOL,TOOL_006,TOOL_006.basePlot.bgc,distributed,M,16.8,30,maximum,1,6.5,11,68.622127,-149.280182,20.1,931.5,0.1,0,2,0,1,2022,2022,meter,meter,decimalDegree,decimalDegree,meter,meter,meter,centimeter,degree,centimeter,number,NA,NA
DP1.10086.001,TOOL,sls_soilCoreCollection,2018-2024,TOOL,TOOL_006,TOOL_006.basePlot.bgc,distributed,M,NA,NA,NA,1,33.5,23,68.622127,-149.280182,20.1,931.5,0.1,NA,NA,NA,NA,2022,2022,meter,meter,decimalDegree,decimalDegree,meter,meter,meter,centimeter,degree,centimeter,number,NA,NA
DP1.10086.001,TOOL,sls_soilCoreCollection,2018-2024,TOOL,TOOL_006,TOOL_006.basePlot.bgc,distributed,O,0,8.5,entire,1,38.5,4.5,68.622127,-149.280182,20.1,931.5,0.1,0,2,0,1,2022,2022,meter,meter,decimalDegree,decimalDegree,meter,meter,meter,centimeter,degree,centimeter,number,NA,NA
DP1.10086.001,TOOL,sls_soilCoreCollection,2018-2024,TOOL,TOOL_006,TOOL_006.basePlot.bgc,distributed,O,0,9.7,entire,1,6.5,39.5,68.622127,-149.280182,20.1,931.5,0.1,0,3.3,0,1,2023,2023,meter,meter,decimalDegree,decimalDegree,meter,meter,meter,centimeter,degree,centimeter,number,NA,NA
DP1.10086.001,TOOL,sls_soilCoreCollection,2018-2024,TOOL,TOOL_006,TOOL_006.basePlot.bgc,distributed,O,0,10.1,entire,1,6.5,11,68.622127,-149.280182,20.1,931.5,0.1,0,1,0,1,2022,2022,meter,meter,decimalDegree,decimalDegree,meter,meter,meter,centimeter,degree,centimeter,number,NA,NA
DP1.10086.001,TOOL,sls_soilCoreCollection,2018-2024,TOOL,TOOL_006,TOOL_006.basePlot.bgc,distributed,O,0,11,entire,2,18.25,31,68.622127,-149.280182,20.1,931.5,0.1,0,3.3,0.35,1.5,2023,2023,meter,meter,decimalDegree,decimalDegree,meter,meter,meter,centimeter,degree,centimeter,number,NA,NA
DP1.10086.001,TOOL,sls_soilCoreCollection,2018-2024,TOOL,TOOL_006,TOOL_006.basePlot.bgc,distributed,O,0,14.1,entire,1,37.5,28,68.622127,-149.280182,20.1,931.5,0.1,0,3.7,0,1,2023,2023,meter,meter,decimalDegree,decimalDegree,meter,meter,meter,centimeter,degree,centimeter,number,NA,NA
DP1.10086.001,TOOL,sls_soilCoreCollection,2018-2024,TOOL,TOOL_006,TOOL_006.basePlot.bgc,distributed,O,0,15.4,entire,1,14.5,33.5,68.622127,-149.280182,20.1,931.5,0.1,0,3.5,0,1,2021,2021,meter,meter,decimalDegree,decimalDegree,meter,meter,meter,centimeter,degree,centimeter,number,NA,NA
DP1.10086.001,TOOL,sls_soilCoreCollection,2018-2024,TOOL,TOOL_006,TOOL_006.basePlot.bgc,distributed,O,0,16.4,entire,2,23.75,17.5,68.622127,-149.280182,20.1,931.5,0.1,0,4.3,0.8,1.5,2024,2024,meter,meter,decimalDegree,decimalDegree,meter,meter,meter,centimeter,degree,centimeter,number,NA,NA
DP1.10086.001,TOOL,sls_soilCoreCollection,2018-2024,TOOL,TOOL_006,TOOL_006.basePlot.bgc,distributed,O,0,16.5,entire,1,30,10.5,68.622127,-149.280182,20.1,931.5,0.1,0,5.3,0,1,2021,2021,meter,meter,decimalDegree,decimalDegree,meter,meter,meter,centimeter,degree,centimeter,number,NA,NA
DP1.10086.001,TOOL,sls_soilCoreCollection,2018-2024,TOOL,TOOL_006,TOOL_006.basePlot.bgc,distributed,O,0,16.7,entire,1,9,23.5,68.622127,-149.280182,20.1,931.5,0.1,0,1,0,1,2019,2019,meter,meter,decimalDegree,decimalDegree,meter,meter,meter,centimeter,degree,centimeter,number,NA,NA
DP1.10086.001,TOOL,sls_soilCoreCollection,2018-2024,TOOL,TOOL_006,TOOL_006.basePlot.bgc,distributed,O,0,16.8,entire,1,6.5,11,68.622127,-149.280182,20.1,931.5,0.1,0,2,0,1,2022,2022,meter,meter,decimalDegree,decimalDegree,meter,meter,meter,centimeter,degree,centimeter,number,NA,NA
DP1.10086.001,TOOL,sls_soilCoreCollection,2018-2024,TOOL,TOOL_006,TOOL_006.basePlot.bgc,distributed,O,0,17.5,entire,1,33,36,68.622127,-149.280182,20.1,931.5,0.1,0,1.3,0.5,1,2018,2018,meter,meter,decimalDegree,decimalDegree,meter,meter,meter,centimeter,degree,centimeter,number,NA,NA
DP1.10086.001,TOOL,sls_soilCoreCollection,2018-2024,TOOL,TOOL_006,TOOL_006.basePlot.bgc,distributed,O,0,18.6,NA,1,23,5,68.622127,-149.280182,20.1,931.5,0.1,0,2.6,0,1,2019,2019,meter,meter,decimalDegree,decimalDegree,meter,meter,meter,centimeter,degree,centimeter,number,NA,NA
DP1.10086.001,TOOL,sls_soilCoreCollection,2018-2024,TOOL,TOOL_006,TOOL_006.basePlot.bgc,distributed,O,0,20,entire,1,30.5,3.5,68.622127,-149.280182,20.1,931.5,0.1,0,2,0.5,1,2018,2018,meter,meter,decimalDegree,decimalDegree,meter,meter,meter,centimeter,degree,centimeter,number,NA,NA
DP1.10086.001,TOOL,sls_soilCoreCollection,2018-2024,TOOL,TOOL_006,TOOL_006.basePlot.bgc,distributed,O,0,20.5,entire,1,7.5,23,68.622127,-149.280182,20.1,931.5,0.1,0,1.6,0.5,1,2018,2018,meter,meter,decimalDegree,decimalDegree,meter,meter,meter,centimeter,degree,centimeter,number,NA,NA
DP1.10086.001,TOOL,sls_soilCoreCollection,2018-2024,TOOL,TOOL_006,TOOL_006.basePlot.bgc,distributed,O,0,23.6,entire,1,37.5,18,68.622127,-149.280182,20.1,931.5,0.1,0,4.9,0,1,2023,2023,meter,meter,decimalDegree,decimalDegree,meter,meter,meter,centimeter,degree,centimeter,number,NA,NA
DP1.10086.001,TOOL,sls_soilCoreCollection,2018-2024,TOOL,TOOL_006,TOOL_006.basePlot.bgc,distributed,O,0,23.7,entire,1,33.5,37,68.622127,-149.280182,20.1,931.5,0.1,0,2.9,0,1,2019,2019,meter,meter,decimalDegree,decimalDegree,meter,meter,meter,centimeter,degree,centimeter,number,NA,NA
DP1.10086.001,TOOL,sls_soilCoreCollection,2018-2024,TOOL,TOOL_006,TOOL_006.basePlot.bgc,distributed,O,0,24.1,entire,1,33.5,23,68.622127,-149.280182,20.1,931.5,0.1,0,1.6,0,1,2022,2022,meter,meter,decimalDegree,decimalDegree,meter,meter,meter,centimeter,degree,centimeter,number,NA,NA
DP1.10086.001,TOOL,sls_soilCoreCollection,2018-2024,TOOL,TOOL_006,TOOL_006.basePlot.bgc,distributed,O,0,25.3,entire,1,1,18.5,68.622127,-149.280182,20.1,931.5,0.1,0,5.5,0,1,2021,2021,meter,meter,decimalDegree,decimalDegree,meter,meter,meter,centimeter,degree,centimeter,number,NA,NA
DP1.10086.001,TOOL,sls_soilCoreCollection,2018-2024,TOOL,TOOL_006,TOOL_006.basePlot.bgc,distributed,O,0,30,maximum,1,38.5,4.5,68.622127,-149.280182,20.1,931.5,0.1,0,3,0,1,2022,2022,meter,meter,decimalDegree,decimalDegree,meter,meter,meter,centimeter,degree,centimeter,number,NA,NA
DP1.10086.001,TOOL,sls_soilCoreCollection,2018-2024,TOOL,TOOL_006,TOOL_006.basePlot.bgc,distributed,NA,NA,NA,NA,3,NA,NA,68.622127,-149.280182,20.1,931.5,0.1,NA,NA,NA,NA,2020,2020,meter,meter,decimalDegree,decimalDegree,meter,meter,meter,centimeter,degree,centimeter,number,NA,NA
DP1.10086.001,TOOL,sls_soilCoreCollection,2018-2024,TOOL,TOOL_041,TOOL_041.basePlot.bgc,tower,M,0,23.5,obstruction,1,26.5,31.5,68.666666,-149.369752,20.1,827.4,0.1,0,8.3,0,1,2022,2022,meter,meter,decimalDegree,decimalDegree,meter,meter,meter,centimeter,degree,centimeter,number,NA,NA
DP1.10086.001,TOOL,sls_soilCoreCollection,2018-2024,TOOL,TOOL_041,TOOL_041.basePlot.bgc,tower,M,0,25.5,obstruction,1,26.5,31.5,68.666666,-149.369752,20.1,827.4,0.1,0,4.5,0,1,2022,2022,meter,meter,decimalDegree,decimalDegree,meter,meter,meter,centimeter,degree,centimeter,number,NA,NA
DP1.10086.001,TOOL,sls_soilCoreCollection,2018-2024,TOOL,TOOL_041,TOOL_041.basePlot.bgc,tower,M,0,27.1,obstruction,1,25,9.5,68.666666,-149.369752,20.1,827.4,0.1,0,6.6,0.4,1,2024,2024,meter,meter,decimalDegree,decimalDegree,meter,meter,meter,centimeter,degree,centimeter,number,NA,NA
DP1.10086.001,TOOL,sls_soilCoreCollection,2018-2024,TOOL,TOOL_041,TOOL_041.basePlot.bgc,tower,M,6.3,28,obstruction,1,39.5,5,68.666666,-149.369752,20.1,827.4,0.1,0,4.3,0,1,2022,2022,meter,meter,decimalDegree,decimalDegree,meter,meter,meter,centimeter,degree,centimeter,number,NA,NA
DP1.10086.001,TOOL,sls_soilCoreCollection,2018-2024,TOOL,TOOL_041,TOOL_041.basePlot.bgc,tower,M,6.5,23,obstruction,1,39.5,5,68.666666,-149.369752,20.1,827.4,0.1,0,5.9,0,1,2022,2022,meter,meter,decimalDegree,decimalDegree,meter,meter,meter,centimeter,degree,centimeter,number,NA,NA
DP1.10086.001,TOOL,sls_soilCoreCollection,2018-2024,TOOL,TOOL_041,TOOL_041.basePlot.bgc,tower,M,12.6,24.5,obstruction,1,10,1,68.666666,-149.369752,20.1,827.4,0.1,0,3.6,0,1,2022,2022,meter,meter,decimalDegree,decimalDegree,meter,meter,meter,centimeter,degree,centimeter,number,NA,NA
DP1.10086.001,TOOL,sls_soilCoreCollection,2018-2024,TOOL,TOOL_041,TOOL_041.basePlot.bgc,tower,M,14.5,25.3,obstruction,1,10,1,68.666666,-149.369752,20.1,827.4,0.1,0,4.4,1,1,2022,2022,meter,meter,decimalDegree,decimalDegree,meter,meter,meter,centimeter,degree,centimeter,number,NA,NA
DP1.10086.001,TOOL,sls_soilCoreCollection,2018-2024,TOOL,TOOL_041,TOOL_041.basePlot.bgc,tower,O,0,3,entire,1,14,1,68.666666,-149.369752,20.1,827.4,0.1,0,10.5,0,3,2021,2021,meter,meter,decimalDegree,decimalDegree,meter,meter,meter,centimeter,degree,centimeter,number,NA,NA
DP1.10086.001,TOOL,sls_soilCoreCollection,2018-2024,TOOL,TOOL_041,TOOL_041.basePlot.bgc,tower,O,0,4,entire,1,24,5,68.666666,-149.369752,20.1,827.4,0.1,0,5,0,2,2023,2023,meter,meter,decimalDegree,decimalDegree,meter,meter,meter,centimeter,degree,centimeter,number,NA,NA
DP1.10086.001,TOOL,sls_soilCoreCollection,2018-2024,TOOL,TOOL_041,TOOL_041.basePlot.bgc,tower,O,0,4.1,entire,1,8,38.5,68.666666,-149.369752,20.1,827.4,0.1,0,9.3,0,3,2021,2021,meter,meter,decimalDegree,decimalDegree,meter,meter,meter,centimeter,degree,centimeter,number,NA,NA
DP1.10086.001,TOOL,sls_soilCoreCollection,2018-2024,TOOL,TOOL_041,TOOL_041.basePlot.bgc,tower,O,0,6.3,entire,1,39.5,5,68.666666,-149.369752,20.1,827.4,0.1,0,4.3,0,1,2022,2022,meter,meter,decimalDegree,decimalDegree,meter,meter,meter,centimeter,degree,centimeter,number,NA,NA
DP1.10086.001,TOOL,sls_soilCoreCollection,2018-2024,TOOL,TOOL_041,TOOL_041.basePlot.bgc,tower,O,0,6.5,entire,1,39.5,5,68.666666,-149.369752,20.1,827.4,0.1,0,5.9,0,1,2022,2022,meter,meter,decimalDegree,decimalDegree,meter,meter,meter,centimeter,degree,centimeter,number,NA,NA
DP1.10086.001,TOOL,sls_soilCoreCollection,2018-2024,TOOL,TOOL_041,TOOL_041.basePlot.bgc,tower,O,0,6.9,entire,1,13.5,31.5,68.666666,-149.369752,20.1,827.4,0.1,0,5.5,0,3,2024,2024,meter,meter,decimalDegree,decimalDegree,meter,meter,meter,centimeter,degree,centimeter,number,NA,NA
DP1.10086.001,TOOL,sls_soilCoreCollection,2018-2024,TOOL,TOOL_041,TOOL_041.basePlot.bgc,tower,O,0,7.2,entire,1,4,14,68.666666,-149.369752,20.1,827.4,0.1,0,5.1,0,2,2023,2023,meter,meter,decimalDegree,decimalDegree,meter,meter,meter,centimeter,degree,centimeter,number,NA,NA
DP1.10086.001,TOOL,sls_soilCoreCollection,2018-2024,TOOL,TOOL_041,TOOL_041.basePlot.bgc,tower,O,0,7.6,entire,1,34.5,39,68.666666,-149.369752,20.1,827.4,0.1,0,5.4,0,1,2021,2021,meter,meter,decimalDegree,decimalDegree,meter,meter,meter,centimeter,degree,centimeter,number,NA,NA
DP1.10086.001,TOOL,sls_soilCoreCollection,2018-2024,TOOL,TOOL_041,TOOL_041.basePlot.bgc,tower,O,0,9.3,entire,1,38,25,68.666666,-149.369752,20.1,827.4,0.1,0,3.6,0,2,2024,2024,meter,meter,decimalDegree,decimalDegree,meter,meter,meter,centimeter,degree,centimeter,number,NA,NA
DP1.10086.001,TOOL,sls_soilCoreCollection,2018-2024,TOOL,TOOL_041,TOOL_041.basePlot.bgc,tower,O,0,10.1,entire,1,37.5,39,68.666666,-149.369752,20.1,827.4,0.1,0,4.8,0,2,2023,2023,meter,meter,decimalDegree,decimalDegree,meter,meter,meter,centimeter,degree,centimeter,number,NA,NA
DP1.10086.001,TOOL,sls_soilCoreCollection,2018-2024,TOOL,TOOL_041,TOOL_041.basePlot.bgc,tower,O,0,12.6,entire,1,10,1,68.666666,-149.369752,20.1,827.4,0.1,0,3.6,0,1,2022,2022,meter,meter,decimalDegree,decimalDegree,meter,meter,meter,centimeter,degree,centimeter,number,NA,NA
DP1.10086.001,TOOL,sls_soilCoreCollection,2018-2024,TOOL,TOOL_041,TOOL_041.basePlot.bgc,tower,O,0,14.5,entire,1,10,1,68.666666,-149.369752,20.1,827.4,0.1,0,4.4,1,1,2022,2022,meter,meter,decimalDegree,decimalDegree,meter,meter,meter,centimeter,degree,centimeter,number,NA,NA
DP1.10086.001,TOOL,sls_soilCoreCollection,2018-2024,TOOL,TOOL_041,TOOL_041.basePlot.bgc,tower,O,0,19.5,entire,1,0.5,17.5,68.666666,-149.369752,20.1,827.4,0.1,0,4.2,0.5,1,2018,2018,meter,meter,decimalDegree,decimalDegree,meter,meter,meter,centimeter,degree,centimeter,number,NA,NA
DP1.10086.001,TOOL,sls_soilCoreCollection,2018-2024,TOOL,TOOL_041,TOOL_041.basePlot.bgc,tower,O,0,22,entire,1,28.5,35,68.666666,-149.369752,20.1,827.4,0.1,0,4.6,0,1,2019,2019,meter,meter,decimalDegree,decimalDegree,meter,meter,meter,centimeter,degree,centimeter,number,NA,NA
DP1.10086.001,TOOL,sls_soilCoreCollection,2018-2024,TOOL,TOOL_041,TOOL_041.basePlot.bgc,tower,O,0,23,entire,1,36.5,30.5,68.666666,-149.369752,20.1,827.4,0.1,0,4.6,0,1,2018,2018,meter,meter,decimalDegree,decimalDegree,meter,meter,meter,centimeter,degree,centimeter,number,NA,NA
DP1.10086.001,TOOL,sls_soilCoreCollection,2018-2024,TOOL,TOOL_041,TOOL_041.basePlot.bgc,tower,O,0,26,entire,1,4,21.5,68.666666,-149.369752,20.1,827.4,0.1,0,4.9,0.5,1,2018,2018,meter,meter,decimalDegree,decimalDegree,meter,meter,meter,centimeter,degree,centimeter,number,NA,NA
DP1.10086.001,TOOL,sls_soilCoreCollection,2018-2024,TOOL,TOOL_041,TOOL_041.basePlot.bgc,tower,O,0,30,entire,2,11,19.75,68.666666,-149.369752,20.1,827.4,0.1,0,2.5,0,1,2019,2019,meter,meter,decimalDegree,decimalDegree,meter,meter,meter,centimeter,degree,centimeter,number,NA,NA
DP1.10086.001,TOOL,sls_soilCoreCollection,2018-2024,TOOL,TOOL_041,TOOL_041.basePlot.bgc,tower,NA,NA,NA,NA,3,NA,NA,68.666666,-149.369752,20.1,827.4,0.1,NA,NA,NA,NA,2020,2020,meter,meter,decimalDegree,decimalDegree,meter,meter,meter,centimeter,degree,centimeter,number,NA,NA
DP1.10086.001,TOOL,sls_soilCoreCollection,2018-2024,TOOL,TOOL_042,TOOL_042.basePlot.bgc,tower,M,0,29.8,maximum,1,32.5,4.5,68.664072,-149.381292,20.2,805.4,0.2,0,4.1,0,1,2024,2024,meter,meter,decimalDegree,decimalDegree,meter,meter,meter,centimeter,degree,centimeter,number,NA,NA
DP1.10086.001,TOOL,sls_soilCoreCollection,2018-2024,TOOL,TOOL_042,TOOL_042.basePlot.bgc,tower,M,3.4,22.1,obstruction,1,8.5,11.5,68.664072,-149.381292,20.2,805.4,0.2,0,1.9,0,1,2022,2022,meter,meter,decimalDegree,decimalDegree,meter,meter,meter,centimeter,degree,centimeter,number,NA,NA
DP1.10086.001,TOOL,sls_soilCoreCollection,2018-2024,TOOL,TOOL_042,TOOL_042.basePlot.bgc,tower,M,9.8,30,maximum,1,8.5,11.5,68.664072,-149.381292,20.2,805.4,0.2,0,3.3,0,1,2022,2022,meter,meter,decimalDegree,decimalDegree,meter,meter,meter,centimeter,degree,centimeter,number,NA,NA
DP1.10086.001,TOOL,sls_soilCoreCollection,2018-2024,TOOL,TOOL_042,TOOL_042.basePlot.bgc,tower,O,0,3.4,obstruction,1,8.5,11.5,68.664072,-149.381292,20.2,805.4,0.2,0,1.9,0,1,2022,2022,meter,meter,decimalDegree,decimalDegree,meter,meter,meter,centimeter,degree,centimeter,number,NA,NA
DP1.10086.001,TOOL,sls_soilCoreCollection,2018-2024,TOOL,TOOL_042,TOOL_042.basePlot.bgc,tower,O,0,6.7,entire,2,13,21.5,68.664072,-149.381292,20.2,805.4,0.2,0,3.8,0,2.5,2023.5,2023.5,meter,meter,decimalDegree,decimalDegree,meter,meter,meter,centimeter,degree,centimeter,number,NA,NA
DP1.10086.001,TOOL,sls_soilCoreCollection,2018-2024,TOOL,TOOL_042,TOOL_042.basePlot.bgc,tower,O,0,7.7,entire,1,1,5,68.664072,-149.381292,20.2,805.4,0.2,0,1.5,0,1,2019,2019,meter,meter,decimalDegree,decimalDegree,meter,meter,meter,centimeter,degree,centimeter,number,NA,NA
DP1.10086.001,TOOL,sls_soilCoreCollection,2018-2024,TOOL,TOOL_042,TOOL_042.basePlot.bgc,tower,O,0,8.1,entire,1,31,13,68.664072,-149.381292,20.2,805.4,0.2,0,3.6,0,2,2023,2023,meter,meter,decimalDegree,decimalDegree,meter,meter,meter,centimeter,degree,centimeter,number,NA,NA
DP1.10086.001,TOOL,sls_soilCoreCollection,2018-2024,TOOL,TOOL_042,TOOL_042.basePlot.bgc,tower,O,0,9.8,entire,1,8.5,11.5,68.664072,-149.381292,20.2,805.4,0.2,0,3.3,0,2,2022,2022,meter,meter,decimalDegree,decimalDegree,meter,meter,meter,centimeter,degree,centimeter,number,NA,NA
DP1.10086.001,TOOL,sls_soilCoreCollection,2018-2024,TOOL,TOOL_042,TOOL_042.basePlot.bgc,tower,O,0,10,entire,1,13,5.5,68.664072,-149.381292,20.2,805.4,0.2,0,2.1,0,1,2018,2018,meter,meter,decimalDegree,decimalDegree,meter,meter,meter,centimeter,degree,centimeter,number,NA,NA
DP1.10086.001,TOOL,sls_soilCoreCollection,2018-2024,TOOL,TOOL_042,TOOL_042.basePlot.bgc,tower,O,0,11.5,entire,1,34.5,38.5,68.664072,-149.381292,20.2,805.4,0.2,0,5.4,0,1,2023,2023,meter,meter,decimalDegree,decimalDegree,meter,meter,meter,centimeter,degree,centimeter,number,NA,NA
DP1.10086.001,TOOL,sls_soilCoreCollection,2018-2024,TOOL,TOOL_042,TOOL_042.basePlot.bgc,tower,O,0,13.5,entire,1,37,5,68.664072,-149.381292,20.2,805.4,0.2,0,3,0,1,2018,2018,meter,meter,decimalDegree,decimalDegree,meter,meter,meter,centimeter,degree,centimeter,number,NA,NA
DP1.10086.001,TOOL,sls_soilCoreCollection,2018-2024,TOOL,TOOL_042,TOOL_042.basePlot.bgc,tower,O,0,14.3,entire,1,39.5,32,68.664072,-149.381292,20.2,805.4,0.2,0,2.8,0,1,2021,2021,meter,meter,decimalDegree,decimalDegree,meter,meter,meter,centimeter,degree,centimeter,number,NA,NA
DP1.10086.001,TOOL,sls_soilCoreCollection,2018-2024,TOOL,TOOL_042,TOOL_042.basePlot.bgc,tower,O,0,14.8,entire,2,7,28.25,68.664072,-149.381292,20.2,805.4,0.2,0,2.95,0.25,1,2019.5,2019.5,meter,meter,decimalDegree,decimalDegree,meter,meter,meter,centimeter,degree,centimeter,number,NA,NA
DP1.10086.001,TOOL,sls_soilCoreCollection,2018-2024,TOOL,TOOL_042,TOOL_042.basePlot.bgc,tower,O,0,16.3,obstruction,1,38.5,21.5,68.664072,-149.381292,20.2,805.4,0.2,0,1,0,1,2022,2022,meter,meter,decimalDegree,decimalDegree,meter,meter,meter,centimeter,degree,centimeter,number,NA,NA
DP1.10086.001,TOOL,sls_soilCoreCollection,2018-2024,TOOL,TOOL_042,TOOL_042.basePlot.bgc,tower,O,0,18.1,entire,1,14,9,68.664072,-149.381292,20.2,805.4,0.2,9,4.1,0,1,2021,2021,meter,meter,decimalDegree,decimalDegree,meter,meter,meter,centimeter,degree,centimeter,number,NA,NA
DP1.10086.001,TOOL,sls_soilCoreCollection,2018-2024,TOOL,TOOL_042,TOOL_042.basePlot.bgc,tower,O,0,22.8,obstruction,1,3,29,68.664072,-149.381292,20.2,805.4,0.2,0,1.8,0,1,2022,2022,meter,meter,decimalDegree,decimalDegree,meter,meter,meter,centimeter,degree,centimeter,number,NA,NA
DP1.10086.001,TOOL,sls_soilCoreCollection,2018-2024,TOOL,TOOL_042,TOOL_042.basePlot.bgc,tower,O,0,23.7,NA,1,39.5,33.5,68.664072,-149.381292,20.2,805.4,0.2,0,1.8,0,1,2019,2019,meter,meter,decimalDegree,decimalDegree,meter,meter,meter,centimeter,degree,centimeter,number,NA,NA
DP1.10086.001,TOOL,sls_soilCoreCollection,2018-2024,TOOL,TOOL_042,TOOL_042.basePlot.bgc,tower,O,0,26.3,entire,1,0,13.5,68.664072,-149.381292,20.2,805.4,0.2,0,1,0,1,2024,2024,meter,meter,decimalDegree,decimalDegree,meter,meter,meter,centimeter,degree,centimeter,number,NA,NA
DP1.10086.001,TOOL,sls_soilCoreCollection,2018-2024,TOOL,TOOL_042,TOOL_042.basePlot.bgc,tower,O,0,26.5,obstruction,1,38.5,21.5,68.664072,-149.381292,20.2,805.4,0.2,0,2.2,0,1,2022,2022,meter,meter,decimalDegree,decimalDegree,meter,meter,meter,centimeter,degree,centimeter,number,NA,NA
DP1.10086.001,TOOL,sls_soilCoreCollection,2018-2024,TOOL,TOOL_042,TOOL_042.basePlot.bgc,tower,O,0,27,entire,1,31.5,5.5,68.664072,-149.381292,20.2,805.4,0.2,0,2.8,0,1,2019,2019,meter,meter,decimalDegree,decimalDegree,meter,meter,meter,centimeter,degree,centimeter,number,NA,NA
DP1.10086.001,TOOL,sls_soilCoreCollection,2018-2024,TOOL,TOOL_042,TOOL_042.basePlot.bgc,tower,O,0,28.8,obstruction,1,3,29,68.664072,-149.381292,20.2,805.4,0.2,0,1.8,0,1,2022,2022,meter,meter,decimalDegree,decimalDegree,meter,meter,meter,centimeter,degree,centimeter,number,NA,NA
DP1.10086.001,TOOL,sls_soilCoreCollection,2018-2024,TOOL,TOOL_042,TOOL_042.basePlot.bgc,tower,NA,NA,NA,NA,3,NA,NA,68.664072,-149.381292,20.2,805.4,0.2,NA,NA,NA,NA,2020,2020,meter,meter,decimalDegree,decimalDegree,meter,meter,meter,centimeter,degree,centimeter,number,NA,NA
DP1.10086.001,TOOL,sls_soilCoreCollection,2018-2024,TOOL,TOOL_043,TOOL_043.basePlot.bgc,tower,M,0,30.6,maximum,1,14,33,68.665514,-149.375519,20.3,821.6,0.21,0,3,0,1,2024,2024,meter,meter,decimalDegree,decimalDegree,meter,meter,meter,centimeter,degree,centimeter,number,NA,NA
DP1.10086.001,TOOL,sls_soilCoreCollection,2018-2024,TOOL,TOOL_043,TOOL_043.basePlot.bgc,tower,M,11.8,30,maximum,1,14.5,39,68.665514,-149.375519,20.3,821.6,0.21,0,2.3,0,1,2022,2022,meter,meter,decimalDegree,decimalDegree,meter,meter,meter,centimeter,degree,centimeter,number,NA,NA
DP1.10086.001,TOOL,sls_soilCoreCollection,2018-2024,TOOL,TOOL_043,TOOL_043.basePlot.bgc,tower,M,13,28.8,obstruction,1,36.5,13.5,68.665514,-149.375519,20.3,821.6,0.21,0,1.3,0,1,2022,2022,meter,meter,decimalDegree,decimalDegree,meter,meter,meter,centimeter,degree,centimeter,number,NA,NA
DP1.10086.001,TOOL,sls_soilCoreCollection,2018-2024,TOOL,TOOL_043,TOOL_043.basePlot.bgc,tower,M,13.3,25.1,obstruction,1,36.5,13.5,68.665514,-149.375519,20.3,821.6,0.21,0,1,0,1,2022,2022,meter,meter,decimalDegree,decimalDegree,meter,meter,meter,centimeter,degree,centimeter,number,NA,NA
DP1.10086.001,TOOL,sls_soilCoreCollection,2018-2024,TOOL,TOOL_043,TOOL_043.basePlot.bgc,tower,M,14.8,30,maximum,1,14.5,39,68.665514,-149.375519,20.3,821.6,0.21,0,4.1,0,1,2022,2022,meter,meter,decimalDegree,decimalDegree,meter,meter,meter,centimeter,degree,centimeter,number,NA,NA
DP1.10086.001,TOOL,sls_soilCoreCollection,2018-2024,TOOL,TOOL_043,TOOL_043.basePlot.bgc,tower,O,0,6.5,entire,1,12,6.5,68.665514,-149.375519,20.3,821.6,0.21,0,4,0,2,2018,2018,meter,meter,decimalDegree,decimalDegree,meter,meter,meter,centimeter,degree,centimeter,number,NA,NA
DP1.10086.001,TOOL,sls_soilCoreCollection,2018-2024,TOOL,TOOL_043,TOOL_043.basePlot.bgc,tower,O,0,8.1,entire,1,28.5,32,68.665514,-149.375519,20.3,821.6,0.21,0,2.6,0,2,2023,2023,meter,meter,decimalDegree,decimalDegree,meter,meter,meter,centimeter,degree,centimeter,number,NA,NA
DP1.10086.001,TOOL,sls_soilCoreCollection,2018-2024,TOOL,TOOL_043,TOOL_043.basePlot.bgc,tower,O,0,8.3,entire,1,5.5,1,68.665514,-149.375519,20.3,821.6,0.21,0,4.1,0,2,2019,2019,meter,meter,decimalDegree,decimalDegree,meter,meter,meter,centimeter,degree,centimeter,number,NA,NA
DP1.10086.001,TOOL,sls_soilCoreCollection,2018-2024,TOOL,TOOL_043,TOOL_043.basePlot.bgc,tower,O,0,11.8,entire,1,14.5,39,68.665514,-149.375519,20.3,821.6,0.21,0,2.3,0,1,2022,2022,meter,meter,decimalDegree,decimalDegree,meter,meter,meter,centimeter,degree,centimeter,number,NA,NA
DP1.10086.001,TOOL,sls_soilCoreCollection,2018-2024,TOOL,TOOL_043,TOOL_043.basePlot.bgc,tower,O,0,12.3,entire,1,0,28.5,68.665514,-149.375519,20.3,821.6,0.21,0,3.5,0,2,2023,2023,meter,meter,decimalDegree,decimalDegree,meter,meter,meter,centimeter,degree,centimeter,number,NA,NA
DP1.10086.001,TOOL,sls_soilCoreCollection,2018-2024,TOOL,TOOL_043,TOOL_043.basePlot.bgc,tower,O,0,13,entire,1,36.5,13.5,68.665514,-149.375519,20.3,821.6,0.21,0,1.3,0,1,2022,2022,meter,meter,decimalDegree,decimalDegree,meter,meter,meter,centimeter,degree,centimeter,number,NA,NA
DP1.10086.001,TOOL,sls_soilCoreCollection,2018-2024,TOOL,TOOL_043,TOOL_043.basePlot.bgc,tower,O,0,13.3,obstruction,1,36.5,13.5,68.665514,-149.375519,20.3,821.6,0.21,0,1,0,1,2022,2022,meter,meter,decimalDegree,decimalDegree,meter,meter,meter,centimeter,degree,centimeter,number,NA,NA
DP1.10086.001,TOOL,sls_soilCoreCollection,2018-2024,TOOL,TOOL_043,TOOL_043.basePlot.bgc,tower,O,0,14,entire,1,30,12.5,68.665514,-149.375519,20.3,821.6,0.21,0,2.4,0,1,2019,2019,meter,meter,decimalDegree,decimalDegree,meter,meter,meter,centimeter,degree,centimeter,number,NA,NA
DP1.10086.001,TOOL,sls_soilCoreCollection,2018-2024,TOOL,TOOL_043,TOOL_043.basePlot.bgc,tower,O,0,14.1,entire,1,33.5,13.5,68.665514,-149.375519,20.3,821.6,0.21,0,7.7,0,1,2021,2021,meter,meter,decimalDegree,decimalDegree,meter,meter,meter,centimeter,degree,centimeter,number,NA,NA
DP1.10086.001,TOOL,sls_soilCoreCollection,2018-2024,TOOL,TOOL_043,TOOL_043.basePlot.bgc,tower,O,0,14.8,entire,1,14.5,39,68.665514,-149.375519,20.3,821.6,0.21,0,4.1,0,2,2022,2022,meter,meter,decimalDegree,decimalDegree,meter,meter,meter,centimeter,degree,centimeter,number,NA,NA
DP1.10086.001,TOOL,sls_soilCoreCollection,2018-2024,TOOL,TOOL_043,TOOL_043.basePlot.bgc,tower,O,0,15.6,entire,1,4,1.5,68.665514,-149.375519,20.3,821.6,0.21,0,1.2,0,2,2024,2024,meter,meter,decimalDegree,decimalDegree,meter,meter,meter,centimeter,degree,centimeter,number,NA,NA
DP1.10086.001,TOOL,sls_soilCoreCollection,2018-2024,TOOL,TOOL_043,TOOL_043.basePlot.bgc,tower,O,0,16.3,entire,1,2.5,10,68.665514,-149.375519,20.3,821.6,0.21,6,8.8,0,1,2021,2021,meter,meter,decimalDegree,decimalDegree,meter,meter,meter,centimeter,degree,centimeter,number,NA,NA
DP1.10086.001,TOOL,sls_soilCoreCollection,2018-2024,TOOL,TOOL_043,TOOL_043.basePlot.bgc,tower,O,0,16.5,entire,1,9,27.5,68.665514,-149.375519,20.3,821.6,0.21,0,3.6,0.5,1,2018,2018,meter,meter,decimalDegree,decimalDegree,meter,meter,meter,centimeter,degree,centimeter,number,NA,NA
DP1.10086.001,TOOL,sls_soilCoreCollection,2018-2024,TOOL,TOOL_043,TOOL_043.basePlot.bgc,tower,O,0,17.5,entire,1,23,35,68.665514,-149.375519,20.3,821.6,0.21,0,5,0,1,2024,2024,meter,meter,decimalDegree,decimalDegree,meter,meter,meter,centimeter,degree,centimeter,number,NA,NA
DP1.10086.001,TOOL,sls_soilCoreCollection,2018-2024,TOOL,TOOL_043,TOOL_043.basePlot.bgc,tower,O,0,18.5,entire,1,36,4.5,68.665514,-149.375519,20.3,821.6,0.21,0,5.3,0.5,1,2018,2018,meter,meter,decimalDegree,decimalDegree,meter,meter,meter,centimeter,degree,centimeter,number,NA,NA
DP1.10086.001,TOOL,sls_soilCoreCollection,2018-2024,TOOL,TOOL_043,TOOL_043.basePlot.bgc,tower,O,0,20,entire,1,33.5,25,68.665514,-149.375519,20.3,821.6,0.21,0,7.9,0,1,2021,2021,meter,meter,decimalDegree,decimalDegree,meter,meter,meter,centimeter,degree,centimeter,number,NA,NA
DP1.10086.001,TOOL,sls_soilCoreCollection,2018-2024,TOOL,TOOL_043,TOOL_043.basePlot.bgc,tower,O,0,25.6,entire,1,15,6.5,68.665514,-149.375519,20.3,821.6,0.21,0,3.5,0,1,2023,2023,meter,meter,decimalDegree,decimalDegree,meter,meter,meter,centimeter,degree,centimeter,number,NA,NA
DP1.10086.001,TOOL,sls_soilCoreCollection,2018-2024,TOOL,TOOL_043,TOOL_043.basePlot.bgc,tower,O,0,30,maximum,3,18.833333333333332,12.5,68.665514,-149.375519,20.3,821.6,0.21,0,1.9666666666666668,0,1,2021,2021,meter,meter,decimalDegree,decimalDegree,meter,meter,meter,centimeter,degree,centimeter,number,NA,NA
DP1.10086.001,TOOL,sls_soilCoreCollection,2018-2024,TOOL,TOOL_043,TOOL_043.basePlot.bgc,tower,NA,NA,NA,NA,3,NA,NA,68.665514,-149.375519,20.3,821.6,0.21,NA,NA,NA,NA,2020,2020,meter,meter,decimalDegree,decimalDegree,meter,meter,meter,centimeter,degree,centimeter,number,NA,NA
DP1.10086.001,TOOL,sls_soilCoreCollection,2018-2024,TOOL,TOOL_044,TOOL_044.basePlot.bgc,tower,M,7,30,entire,1,21,39.5,68.658157,-149.362189,20.1,822.4,0.24,0,2.1,0,1,2022,2022,meter,meter,decimalDegree,decimalDegree,meter,meter,meter,centimeter,degree,centimeter,number,NA,NA
DP1.10086.001,TOOL,sls_soilCoreCollection,2018-2024,TOOL,TOOL_044,TOOL_044.basePlot.bgc,tower,M,7.8,30,maximum,1,21,39.5,68.658157,-149.362189,20.1,822.4,0.24,0,2.1,0,1,2022,2022,meter,meter,decimalDegree,decimalDegree,meter,meter,meter,centimeter,degree,centimeter,number,NA,NA
DP1.10086.001,TOOL,sls_soilCoreCollection,2018-2024,TOOL,TOOL_044,TOOL_044.basePlot.bgc,tower,M,9.5,21.5,obstruction,1,7.5,1,68.658157,-149.362189,20.1,822.4,0.24,0,2,0,1,2022,2022,meter,meter,decimalDegree,decimalDegree,meter,meter,meter,centimeter,degree,centimeter,number,NA,NA
DP1.10086.001,TOOL,sls_soilCoreCollection,2018-2024,TOOL,TOOL_044,TOOL_044.basePlot.bgc,tower,M,10,30,entire,1,7.5,1,68.658157,-149.362189,20.1,822.4,0.24,0,1.5,0,1,2022,2022,meter,meter,decimalDegree,decimalDegree,meter,meter,meter,centimeter,degree,centimeter,number,NA,NA
DP1.10086.001,TOOL,sls_soilCoreCollection,2018-2024,TOOL,TOOL_044,TOOL_044.basePlot.bgc,tower,M,13.3,30,maximum,1,10,37.5,68.658157,-149.362189,20.1,822.4,0.24,0,1.3,0,1,2022,2022,meter,meter,decimalDegree,decimalDegree,meter,meter,meter,centimeter,degree,centimeter,number,NA,NA
DP1.10086.001,TOOL,sls_soilCoreCollection,2018-2024,TOOL,TOOL_044,TOOL_044.basePlot.bgc,tower,M,14.5,27.5,obstruction,1,10,37.5,68.658157,-149.362189,20.1,822.4,0.24,0,2.1,0,1,2022,2022,meter,meter,decimalDegree,decimalDegree,meter,meter,meter,centimeter,degree,centimeter,number,NA,NA
DP1.10086.001,TOOL,sls_soilCoreCollection,2018-2024,TOOL,TOOL_044,TOOL_044.basePlot.bgc,tower,O,0,3.9,entire,1,21,31,68.658157,-149.362189,20.1,822.4,0.24,0,7.5,0,3,2023,2023,meter,meter,decimalDegree,decimalDegree,meter,meter,meter,centimeter,degree,centimeter,number,NA,NA
DP1.10086.001,TOOL,sls_soilCoreCollection,2018-2024,TOOL,TOOL_044,TOOL_044.basePlot.bgc,tower,O,0,5.8,entire,1,7,33.5,68.658157,-149.362189,20.1,822.4,0.24,0,2.4,0.5,1,2018,2018,meter,meter,decimalDegree,decimalDegree,meter,meter,meter,centimeter,degree,centimeter,number,NA,NA
DP1.10086.001,TOOL,sls_soilCoreCollection,2018-2024,TOOL,TOOL_044,TOOL_044.basePlot.bgc,tower,O,0,7,entire,1,21,39.5,68.658157,-149.362189,20.1,822.4,0.24,0,2.1,0,1,2022,2022,meter,meter,decimalDegree,decimalDegree,meter,meter,meter,centimeter,degree,centimeter,number,NA,NA
DP1.10086.001,TOOL,sls_soilCoreCollection,2018-2024,TOOL,TOOL_044,TOOL_044.basePlot.bgc,tower,O,0,7.6,entire,1,35,33.5,68.658157,-149.362189,20.1,822.4,0.24,0,2.7,0,2,2024,2024,meter,meter,decimalDegree,decimalDegree,meter,meter,meter,centimeter,degree,centimeter,number,NA,NA
DP1.10086.001,TOOL,sls_soilCoreCollection,2018-2024,TOOL,TOOL_044,TOOL_044.basePlot.bgc,tower,O,0,7.8,entire,1,21,39.5,68.658157,-149.362189,20.1,822.4,0.24,0,2.1,0,1,2022,2022,meter,meter,decimalDegree,decimalDegree,meter,meter,meter,centimeter,degree,centimeter,number,NA,NA
DP1.10086.001,TOOL,sls_soilCoreCollection,2018-2024,TOOL,TOOL_044,TOOL_044.basePlot.bgc,tower,O,0,8.4,entire,1,21,33.5,68.658157,-149.362189,20.1,822.4,0.24,0,3.6,0,2,2021,2021,meter,meter,decimalDegree,decimalDegree,meter,meter,meter,centimeter,degree,centimeter,number,NA,NA
DP1.10086.001,TOOL,sls_soilCoreCollection,2018-2024,TOOL,TOOL_044,TOOL_044.basePlot.bgc,tower,O,0,8.5,entire,1,3,25,68.658157,-149.362189,20.1,822.4,0.24,0,3.9,0,2,2023,2023,meter,meter,decimalDegree,decimalDegree,meter,meter,meter,centimeter,degree,centimeter,number,NA,NA
DP1.10086.001,TOOL,sls_soilCoreCollection,2018-2024,TOOL,TOOL_044,TOOL_044.basePlot.bgc,tower,O,0,9.5,entire,1,7.5,1,68.658157,-149.362189,20.1,822.4,0.24,0,2,0,1,2022,2022,meter,meter,decimalDegree,decimalDegree,meter,meter,meter,centimeter,degree,centimeter,number,NA,NA
DP1.10086.001,TOOL,sls_soilCoreCollection,2018-2024,TOOL,TOOL_044,TOOL_044.basePlot.bgc,tower,O,0,10,entire,2,14.5,3.5,68.658157,-149.362189,20.1,822.4,0.24,0,2.55,0.25,1.5,2023,2023,meter,meter,decimalDegree,decimalDegree,meter,meter,meter,centimeter,degree,centimeter,number,NA,NA
DP1.10086.001,TOOL,sls_soilCoreCollection,2018-2024,TOOL,TOOL_044,TOOL_044.basePlot.bgc,tower,O,0,10.8,entire,1,26.5,9.5,68.658157,-149.362189,20.1,822.4,0.24,0,3.7,0,2,2021,2021,meter,meter,decimalDegree,decimalDegree,meter,meter,meter,centimeter,degree,centimeter,number,NA,NA
DP1.10086.001,TOOL,sls_soilCoreCollection,2018-2024,TOOL,TOOL_044,TOOL_044.basePlot.bgc,tower,O,0,11.3,entire,1,4,26,68.658157,-149.362189,20.1,822.4,0.24,0,3.5,0.4,3,2024,2024,meter,meter,decimalDegree,decimalDegree,meter,meter,meter,centimeter,degree,centimeter,number,NA,NA
DP1.10086.001,TOOL,sls_soilCoreCollection,2018-2024,TOOL,TOOL_044,TOOL_044.basePlot.bgc,tower,O,0,13.3,entire,1,10,37.5,68.658157,-149.362189,20.1,822.4,0.24,0,1.3,0,1,2022,2022,meter,meter,decimalDegree,decimalDegree,meter,meter,meter,centimeter,degree,centimeter,number,NA,NA
DP1.10086.001,TOOL,sls_soilCoreCollection,2018-2024,TOOL,TOOL_044,TOOL_044.basePlot.bgc,tower,O,0,13.6,entire,1,16,4,68.658157,-149.362189,20.1,822.4,0.24,0,4.1,0,1,2021,2021,meter,meter,decimalDegree,decimalDegree,meter,meter,meter,centimeter,degree,centimeter,number,NA,NA
DP1.10086.001,TOOL,sls_soilCoreCollection,2018-2024,TOOL,TOOL_044,TOOL_044.basePlot.bgc,tower,O,0,13.7,entire,1,34.5,10.5,68.658157,-149.362189,20.1,822.4,0.24,0,2.6,0,1,2019,2019,meter,meter,decimalDegree,decimalDegree,meter,meter,meter,centimeter,degree,centimeter,number,NA,NA
DP1.10086.001,TOOL,sls_soilCoreCollection,2018-2024,TOOL,TOOL_044,TOOL_044.basePlot.bgc,tower,O,0,14.5,entire,2,19.5,20.75,68.658157,-149.362189,20.1,822.4,0.24,0,2.95,0.25,1,2020,2020,meter,meter,decimalDegree,decimalDegree,meter,meter,meter,centimeter,degree,centimeter,number,NA,NA
DP1.10086.001,TOOL,sls_soilCoreCollection,2018-2024,TOOL,TOOL_044,TOOL_044.basePlot.bgc,tower,O,0,17.5,entire,1,2,6.5,68.658157,-149.362189,20.1,822.4,0.24,0,3,0.5,1,2018,2018,meter,meter,decimalDegree,decimalDegree,meter,meter,meter,centimeter,degree,centimeter,number,NA,NA
DP1.10086.001,TOOL,sls_soilCoreCollection,2018-2024,TOOL,TOOL_044,TOOL_044.basePlot.bgc,tower,O,0,18.1,entire,1,18,5,68.658157,-149.362189,20.1,822.4,0.24,0,3.1,0,1,2023,2023,meter,meter,decimalDegree,decimalDegree,meter,meter,meter,centimeter,degree,centimeter,number,NA,NA
DP1.10086.001,TOOL,sls_soilCoreCollection,2018-2024,TOOL,TOOL_044,TOOL_044.basePlot.bgc,tower,O,0,22.5,NA,1,16,39.5,68.658157,-149.362189,20.1,822.4,0.24,0,3.3,0,1,2019,2019,meter,meter,decimalDegree,decimalDegree,meter,meter,meter,centimeter,degree,centimeter,number,NA,NA
DP1.10086.001,TOOL,sls_soilCoreCollection,2018-2024,TOOL,TOOL_044,TOOL_044.basePlot.bgc,tower,O,0,30,maximum,1,36,31,68.658157,-149.362189,20.1,822.4,0.24,0,2.8,0,1,2019,2019,meter,meter,decimalDegree,decimalDegree,meter,meter,meter,centimeter,degree,centimeter,number,NA,NA
DP1.10086.001,TOOL,sls_soilCoreCollection,2018-2024,TOOL,TOOL_044,TOOL_044.basePlot.bgc,tower,NA,NA,NA,NA,3,NA,NA,68.658157,-149.362189,20.1,822.4,0.24,NA,NA,NA,NA,2020,2020,meter,meter,decimalDegree,decimalDegree,meter,meter,meter,centimeter,degree,centimeter,number,NA,NA
