dpID,site,table,years_available_averaged,siteID,plotID,namedLocation,plotType,sampleID,sampleCode,n_raw_records,d15N_mean_2018_2024,d13C_mean_2018_2024,nitrogenPercent_mean_2018_2024,carbonPercent_mean_2018_2024,CNratio_mean_2018_2024,analyticalRepNumber_mean_2018_2024,year_download_mean_2018_2024,collectYear_mean_2018_2024,d15N_mean_2018_2024_unit,d13C_mean_2018_2024_unit,nitrogenPercent_mean_2018_2024_unit,carbonPercent_mean_2018_2024_unit,CNratio_mean_2018_2024_unit,analyticalRepNumber_mean_2018_2024_unit,year_download_mean_2018_2024_unit,collectYear_mean_2018_2024_unit,archiveMass_mean_2018_2024,archiveMass_mean_2018_2024_unit,extractionLength_mean_2018_2024,freshMass_mean_2018_2024,solventVolume_mean_2018_2024,extractChlAConc_mean_2018_2024,extractChlBConc_mean_2018_2024,extractCarotConc_mean_2018_2024,extractionLength_mean_2018_2024_unit,freshMass_mean_2018_2024_unit,solventVolume_mean_2018_2024_unit,extractChlAConc_mean_2018_2024_unit,extractChlBConc_mean_2018_2024_unit,extractCarotConc_mean_2018_2024_unit,dryMass_mean_2018_2024,digestVolume_mean_2018_2024,foliarPhosphorusConc_mean_2018_2024,foliarPotassiumConc_mean_2018_2024,foliarCalciumConc_mean_2018_2024,foliarMagnesiumConc_mean_2018_2024,foliarSulfurConc_mean_2018_2024,foliarManganeseConc_mean_2018_2024,foliarIronConc_mean_2018_2024,foliarCopperConc_mean_2018_2024,foliarBoronConc_mean_2018_2024,foliarZincConc_mean_2018_2024,dryMass_mean_2018_2024_unit,digestVolume_mean_2018_2024_unit,foliarPhosphorusConc_mean_2018_2024_unit,foliarPotassiumConc_mean_2018_2024_unit,foliarCalciumConc_mean_2018_2024_unit,foliarMagnesiumConc_mean_2018_2024_unit,foliarSulfurConc_mean_2018_2024_unit,foliarManganeseConc_mean_2018_2024_unit,foliarIronConc_mean_2018_2024_unit,foliarCopperConc_mean_2018_2024_unit,foliarBoronConc_mean_2018_2024_unit,foliarZincConc_mean_2018_2024_unit,subplotID,individualID,plantStatus,taxonID,scientificName,decimalLatitude_mean_2018_2024,decimalLongitude_mean_2018_2024,coordinateUncertainty_mean_2018_2024,elevation_mean_2018_2024,elevationUncertainty_mean_2018_2024,clipCellNumber_mean_2018_2024,clipLength_mean_2018_2024,clipWidth_mean_2018_2024,percentCoverClip_mean_2018_2024,subsample1Height_mean_2018_2024,subsample2Height_mean_2018_2024,subsample3Height_mean_2018_2024,decimalLatitude_mean_2018_2024_unit,decimalLongitude_mean_2018_2024_unit,coordinateUncertainty_mean_2018_2024_unit,elevation_mean_2018_2024_unit,elevationUncertainty_mean_2018_2024_unit,clipCellNumber_mean_2018_2024_unit,clipLength_mean_2018_2024_unit,clipWidth_mean_2018_2024_unit,percentCoverClip_mean_2018_2024_unit,subsample1Height_mean_2018_2024_unit,subsample2Height_mean_2018_2024_unit,subsample3Height_mean_2018_2024_unit,ligninPercent_mean_2018_2024,cellulosePercent_mean_2018_2024,ligninPercent_mean_2018_2024_unit,cellulosePercent_mean_2018_2024_unit,scannedLeafNumber_mean_2018_2024,leafArea_mean_2018_2024,percentGreen_mean_2018_2024,leafMassPerArea_mean_2018_2024,dryMassFraction_mean_2018_2024,scannedLeafNumber_mean_2018_2024_unit,leafArea_mean_2018_2024_unit,percentGreen_mean_2018_2024_unit,leafMassPerArea_mean_2018_2024_unit,dryMassFraction_mean_2018_2024_unit
DP1.10026.001,BARR,cfc_carbonNitrogen,2022,BARR,BARR_001,BARR_001.basePlot.cfc,distributed,TN1TQAl40/t4cMzFe84HKwWFXWd0bkey+iOGgGJBl0o=,A00000349375,1,0.4,-29.6,2.36,48.58,20.6,1,2022,2022,permill,permill,percent,percent,NA,number,NA,NA,NA,NA,NA,NA,NA,NA,NA,NA,NA,NA,NA,NA,NA,NA,NA,NA,NA,NA,NA,NA,NA,NA,NA,NA,NA,NA,NA,NA,NA,NA,NA,NA,NA,NA,NA,NA,NA,NA,NA,NA,NA,NA,NA,NA,NA,NA,NA,NA,NA,NA,NA,NA,NA,NA,NA,NA,NA,NA,NA,NA,NA,NA,NA,NA,NA,NA,NA,NA,NA,NA,NA,NA,NA,NA,NA,NA,NA,NA,NA,NA,NA
DP1.10026.001,BARR,cfc_carbonNitrogen,2022,BARR,BARR_002,BARR_002.basePlot.cfc,distributed,TN1TQAl40/vqyPfKxP0qWrPjgXK1s71DDOrOHpicakU=,A00000349362,1,1.3,-29.8,2.71,48.63,17.9,1,2022,2022,permill,permill,percent,percent,NA,number,NA,NA,NA,NA,NA,NA,NA,NA,NA,NA,NA,NA,NA,NA,NA,NA,NA,NA,NA,NA,NA,NA,NA,NA,NA,NA,NA,NA,NA,NA,NA,NA,NA,NA,NA,NA,NA,NA,NA,NA,NA,NA,NA,NA,NA,NA,NA,NA,NA,NA,NA,NA,NA,NA,NA,NA,NA,NA,NA,NA,NA,NA,NA,NA,NA,NA,NA,NA,NA,NA,NA,NA,NA,NA,NA,NA,NA,NA,NA,NA,NA,NA,NA
DP1.10026.001,BARR,cfc_carbonNitrogen,2022,BARR,BARR_003,BARR_003.basePlot.cfc,distributed,TN1TQAl40/t7xtGQseCUH/XCJ4qfIg2CpTR6cazlEb0=,A00000349314,1,4.9,-28.9,3.78,47.37,12.5,1,2022,2022,permill,permill,percent,percent,NA,number,NA,NA,NA,NA,NA,NA,NA,NA,NA,NA,NA,NA,NA,NA,NA,NA,NA,NA,NA,NA,NA,NA,NA,NA,NA,NA,NA,NA,NA,NA,NA,NA,NA,NA,NA,NA,NA,NA,NA,NA,NA,NA,NA,NA,NA,NA,NA,NA,NA,NA,NA,NA,NA,NA,NA,NA,NA,NA,NA,NA,NA,NA,NA,NA,NA,NA,NA,NA,NA,NA,NA,NA,NA,NA,NA,NA,NA,NA,NA,NA,NA,NA,NA
DP1.10026.001,BARR,cfc_carbonNitrogen,2022,BARR,BARR_004,BARR_004.basePlot.cfc,distributed,TN1TQAl40/tUlQ+Lfmu4AWrWc6Iv3GpIhvHRBMVnwCI=,A00000349358,1,2.5,-29.4,2.01,48.02,23.9,1,2022,2022,permill,permill,percent,percent,NA,number,NA,NA,NA,NA,NA,NA,NA,NA,NA,NA,NA,NA,NA,NA,NA,NA,NA,NA,NA,NA,NA,NA,NA,NA,NA,NA,NA,NA,NA,NA,NA,NA,NA,NA,NA,NA,NA,NA,NA,NA,NA,NA,NA,NA,NA,NA,NA,NA,NA,NA,NA,NA,NA,NA,NA,NA,NA,NA,NA,NA,NA,NA,NA,NA,NA,NA,NA,NA,NA,NA,NA,NA,NA,NA,NA,NA,NA,NA,NA,NA,NA,NA,NA
DP1.10026.001,BARR,cfc_carbonNitrogen,2022,BARR,BARR_006,BARR_006.basePlot.cfc,distributed,TN1TQAl40/vs6dka0vUsZZjqrIbY6rR7ov13X+8d2xU=,A00000349345,1,1.1,-28,1.37,47.89,35.1,1,2022,2022,permill,permill,percent,percent,NA,number,NA,NA,NA,NA,NA,NA,NA,NA,NA,NA,NA,NA,NA,NA,NA,NA,NA,NA,NA,NA,NA,NA,NA,NA,NA,NA,NA,NA,NA,NA,NA,NA,NA,NA,NA,NA,NA,NA,NA,NA,NA,NA,NA,NA,NA,NA,NA,NA,NA,NA,NA,NA,NA,NA,NA,NA,NA,NA,NA,NA,NA,NA,NA,NA,NA,NA,NA,NA,NA,NA,NA,NA,NA,NA,NA,NA,NA,NA,NA,NA,NA,NA,NA
DP1.10026.001,BARR,cfc_carbonNitrogen,2022,BARR,BARR_007,BARR_007.basePlot.cfc,distributed,TN1TQAl40/uovFJwr6HcovMNF59+jaORcyfSa7CIuxQ=,A00000349331,1,0.8,-28.8,2.15,48.31,22.5,1,2022,2022,permill,permill,percent,percent,NA,number,NA,NA,NA,NA,NA,NA,NA,NA,NA,NA,NA,NA,NA,NA,NA,NA,NA,NA,NA,NA,NA,NA,NA,NA,NA,NA,NA,NA,NA,NA,NA,NA,NA,NA,NA,NA,NA,NA,NA,NA,NA,NA,NA,NA,NA,NA,NA,NA,NA,NA,NA,NA,NA,NA,NA,NA,NA,NA,NA,NA,NA,NA,NA,NA,NA,NA,NA,NA,NA,NA,NA,NA,NA,NA,NA,NA,NA,NA,NA,NA,NA,NA,NA
DP1.10026.001,BARR,cfc_carbonNitrogen,2022,BARR,BARR_008,BARR_008.basePlot.cfc,distributed,TN1TQAl40/t5vglrnm9Mr62329N+eC4tlnqcjAJMAgo=,A00000349327,1,0.2,-27,1.34,49.19,36.8,1,2022,2022,permill,permill,percent,percent,NA,number,NA,NA,NA,NA,NA,NA,NA,NA,NA,NA,NA,NA,NA,NA,NA,NA,NA,NA,NA,NA,NA,NA,NA,NA,NA,NA,NA,NA,NA,NA,NA,NA,NA,NA,NA,NA,NA,NA,NA,NA,NA,NA,NA,NA,NA,NA,NA,NA,NA,NA,NA,NA,NA,NA,NA,NA,NA,NA,NA,NA,NA,NA,NA,NA,NA,NA,NA,NA,NA,NA,NA,NA,NA,NA,NA,NA,NA,NA,NA,NA,NA,NA,NA
DP1.10026.001,BARR,cfc_carbonNitrogen,2022,BARR,BARR_009,BARR_009.basePlot.cfc,distributed,TN1TQAl40/uqpVfkODdhLAh1GqXaQyAdZjgD+nZvrVw=,A00000349357,1,3.5,-29.4,2.45,48.6,19.8,1,2022,2022,permill,permill,percent,percent,NA,number,NA,NA,NA,NA,NA,NA,NA,NA,NA,NA,NA,NA,NA,NA,NA,NA,NA,NA,NA,NA,NA,NA,NA,NA,NA,NA,NA,NA,NA,NA,NA,NA,NA,NA,NA,NA,NA,NA,NA,NA,NA,NA,NA,NA,NA,NA,NA,NA,NA,NA,NA,NA,NA,NA,NA,NA,NA,NA,NA,NA,NA,NA,NA,NA,NA,NA,NA,NA,NA,NA,NA,NA,NA,NA,NA,NA,NA,NA,NA,NA,NA,NA,NA
DP1.10026.001,BARR,cfc_carbonNitrogen,2022,BARR,BARR_011,BARR_011.basePlot.cfc,distributed,TN1TQAl40/tyHYgMn9YmcP1hNBO6LEG9+ptMMnWyb24=,A00000349330,1,0.3,-31.2,2.84,48.34,17,1,2022,2022,permill,permill,percent,percent,NA,number,NA,NA,NA,NA,NA,NA,NA,NA,NA,NA,NA,NA,NA,NA,NA,NA,NA,NA,NA,NA,NA,NA,NA,NA,NA,NA,NA,NA,NA,NA,NA,NA,NA,NA,NA,NA,NA,NA,NA,NA,NA,NA,NA,NA,NA,NA,NA,NA,NA,NA,NA,NA,NA,NA,NA,NA,NA,NA,NA,NA,NA,NA,NA,NA,NA,NA,NA,NA,NA,NA,NA,NA,NA,NA,NA,NA,NA,NA,NA,NA,NA,NA,NA
DP1.10026.001,BARR,cfc_carbonNitrogen,2022,BARR,BARR_013,BARR_013.basePlot.cfc,distributed,TN1TQAl40/uSwIilM+BaXzQHgi1JM9mOlXKgXIOfADg=,A00000349312,1,2.2,-29.3,2.03,48.65,24,1,2022,2022,permill,permill,percent,percent,NA,number,NA,NA,NA,NA,NA,NA,NA,NA,NA,NA,NA,NA,NA,NA,NA,NA,NA,NA,NA,NA,NA,NA,NA,NA,NA,NA,NA,NA,NA,NA,NA,NA,NA,NA,NA,NA,NA,NA,NA,NA,NA,NA,NA,NA,NA,NA,NA,NA,NA,NA,NA,NA,NA,NA,NA,NA,NA,NA,NA,NA,NA,NA,NA,NA,NA,NA,NA,NA,NA,NA,NA,NA,NA,NA,NA,NA,NA,NA,NA,NA,NA,NA,NA
DP1.10026.001,BARR,cfc_carbonNitrogen,2022,BARR,BARR_014,BARR_014.basePlot.cfc,distributed,TN1TQAl40/vkUREDaN0DgbD1lpx6G23xHj3RFKwcoA0=,A00000349359,1,0.6,-29.5,3.05,48.42,15.9,1,2022,2022,permill,permill,percent,percent,NA,number,NA,NA,NA,NA,NA,NA,NA,NA,NA,NA,NA,NA,NA,NA,NA,NA,NA,NA,NA,NA,NA,NA,NA,NA,NA,NA,NA,NA,NA,NA,NA,NA,NA,NA,NA,NA,NA,NA,NA,NA,NA,NA,NA,NA,NA,NA,NA,NA,NA,NA,NA,NA,NA,NA,NA,NA,NA,NA,NA,NA,NA,NA,NA,NA,NA,NA,NA,NA,NA,NA,NA,NA,NA,NA,NA,NA,NA,NA,NA,NA,NA,NA,NA
DP1.10026.001,BARR,cfc_carbonNitrogen,2022,BARR,BARR_015,BARR_015.basePlot.cfc,distributed,TN1TQAl40/sB+d9UYqY0n5SzmRzSg575JKl84e9jPnc=,A00000349341,1,0.2,-29.9,2.48,48.69,19.6,1,2022,2022,permill,permill,percent,percent,NA,number,NA,NA,NA,NA,NA,NA,NA,NA,NA,NA,NA,NA,NA,NA,NA,NA,NA,NA,NA,NA,NA,NA,NA,NA,NA,NA,NA,NA,NA,NA,NA,NA,NA,NA,NA,NA,NA,NA,NA,NA,NA,NA,NA,NA,NA,NA,NA,NA,NA,NA,NA,NA,NA,NA,NA,NA,NA,NA,NA,NA,NA,NA,NA,NA,NA,NA,NA,NA,NA,NA,NA,NA,NA,NA,NA,NA,NA,NA,NA,NA,NA,NA,NA
DP1.10026.001,BARR,cfc_carbonNitrogen,2022,BARR,BARR_016,BARR_016.basePlot.cfc,distributed,TN1TQAl40/vGDEGwGaeW20XbFsp0mauRk6h8L2x2Gdg=,A00000349325,1,2.2,-30.7,2.09,48.3,23.1,1,2022,2022,permill,permill,percent,percent,NA,number,NA,NA,NA,NA,NA,NA,NA,NA,NA,NA,NA,NA,NA,NA,NA,NA,NA,NA,NA,NA,NA,NA,NA,NA,NA,NA,NA,NA,NA,NA,NA,NA,NA,NA,NA,NA,NA,NA,NA,NA,NA,NA,NA,NA,NA,NA,NA,NA,NA,NA,NA,NA,NA,NA,NA,NA,NA,NA,NA,NA,NA,NA,NA,NA,NA,NA,NA,NA,NA,NA,NA,NA,NA,NA,NA,NA,NA,NA,NA,NA,NA,NA,NA
DP1.10026.001,BARR,cfc_carbonNitrogen,2022,BARR,BARR_017,BARR_017.basePlot.cfc,distributed,TN1TQAl40/v5a6n6GQA9zFQbBMzjJeXD6foPJDvYJZE=,A00000349376,1,1.1,-29,1.79,48.14,26.9,1,2022,2022,permill,permill,percent,percent,NA,number,NA,NA,NA,NA,NA,NA,NA,NA,NA,NA,NA,NA,NA,NA,NA,NA,NA,NA,NA,NA,NA,NA,NA,NA,NA,NA,NA,NA,NA,NA,NA,NA,NA,NA,NA,NA,NA,NA,NA,NA,NA,NA,NA,NA,NA,NA,NA,NA,NA,NA,NA,NA,NA,NA,NA,NA,NA,NA,NA,NA,NA,NA,NA,NA,NA,NA,NA,NA,NA,NA,NA,NA,NA,NA,NA,NA,NA,NA,NA,NA,NA,NA,NA
DP1.10026.001,BARR,cfc_carbonNitrogen,2022,BARR,BARR_021,BARR_021.basePlot.cfc,distributed,TN1TQAl40/s7xeUhBKt6OhkNFhetsQidMDYwQw/jEV8=,A00000349374,1,2.1,-29.6,2.98,47.89,16.1,1,2022,2022,permill,permill,percent,percent,NA,number,NA,NA,NA,NA,NA,NA,NA,NA,NA,NA,NA,NA,NA,NA,NA,NA,NA,NA,NA,NA,NA,NA,NA,NA,NA,NA,NA,NA,NA,NA,NA,NA,NA,NA,NA,NA,NA,NA,NA,NA,NA,NA,NA,NA,NA,NA,NA,NA,NA,NA,NA,NA,NA,NA,NA,NA,NA,NA,NA,NA,NA,NA,NA,NA,NA,NA,NA,NA,NA,NA,NA,NA,NA,NA,NA,NA,NA,NA,NA,NA,NA,NA,NA
DP1.10026.001,BARR,cfc_carbonNitrogen,2022,BARR,BARR_024,BARR_024.basePlot.cfc,distributed,TN1TQAl40/tuav5tsd9+KHxJ7HPMNOn6YWTozWOxLzU=,A00000349377,1,0,-29.9,2.6,48.39,18.6,1,2022,2022,permill,permill,percent,percent,NA,number,NA,NA,NA,NA,NA,NA,NA,NA,NA,NA,NA,NA,NA,NA,NA,NA,NA,NA,NA,NA,NA,NA,NA,NA,NA,NA,NA,NA,NA,NA,NA,NA,NA,NA,NA,NA,NA,NA,NA,NA,NA,NA,NA,NA,NA,NA,NA,NA,NA,NA,NA,NA,NA,NA,NA,NA,NA,NA,NA,NA,NA,NA,NA,NA,NA,NA,NA,NA,NA,NA,NA,NA,NA,NA,NA,NA,NA,NA,NA,NA,NA,NA,NA
DP1.10026.001,BARR,cfc_carbonNitrogen,2022,BARR,BARR_051,BARR_051.basePlot.cfc,tower,TN1TQAl40/vcB2Ec91NqfJVubm+7apHMGohFPYedunA=,A00000349373,1,3.1,-29.3,2.78,48.53,17.4,1,2022,2022,permill,permill,percent,percent,NA,number,NA,NA,NA,NA,NA,NA,NA,NA,NA,NA,NA,NA,NA,NA,NA,NA,NA,NA,NA,NA,NA,NA,NA,NA,NA,NA,NA,NA,NA,NA,NA,NA,NA,NA,NA,NA,NA,NA,NA,NA,NA,NA,NA,NA,NA,NA,NA,NA,NA,NA,NA,NA,NA,NA,NA,NA,NA,NA,NA,NA,NA,NA,NA,NA,NA,NA,NA,NA,NA,NA,NA,NA,NA,NA,NA,NA,NA,NA,NA,NA,NA,NA,NA
DP1.10026.001,BARR,cfc_carbonNitrogen,2022,BARR,BARR_052,BARR_052.basePlot.cfc,tower,TN1TQAl40/uXOsNBlNapeJzoQd69lZ9O5aycK4QqKCE=,A00000349309,2,4.3,-29.65,3.1100000000000003,48.644999999999996,15.65,1.5,2022,2022,permill,permill,percent,percent,NA,number,NA,NA,NA,NA,NA,NA,NA,NA,NA,NA,NA,NA,NA,NA,NA,NA,NA,NA,NA,NA,NA,NA,NA,NA,NA,NA,NA,NA,NA,NA,NA,NA,NA,NA,NA,NA,NA,NA,NA,NA,NA,NA,NA,NA,NA,NA,NA,NA,NA,NA,NA,NA,NA,NA,NA,NA,NA,NA,NA,NA,NA,NA,NA,NA,NA,NA,NA,NA,NA,NA,NA,NA,NA,NA,NA,NA,NA,NA,NA,NA,NA,NA,NA
DP1.10026.001,BARR,cfc_carbonNitrogen,2022,BARR,BARR_053,BARR_053.basePlot.cfc,tower,TN1TQAl40/t21cP1BVrMyXRY7cVaXOQWsXydI3J/3Jg=,A00000349360,1,1.4,-27.7,1.71,48.69,28.4,1,2022,2022,permill,permill,percent,percent,NA,number,NA,NA,NA,NA,NA,NA,NA,NA,NA,NA,NA,NA,NA,NA,NA,NA,NA,NA,NA,NA,NA,NA,NA,NA,NA,NA,NA,NA,NA,NA,NA,NA,NA,NA,NA,NA,NA,NA,NA,NA,NA,NA,NA,NA,NA,NA,NA,NA,NA,NA,NA,NA,NA,NA,NA,NA,NA,NA,NA,NA,NA,NA,NA,NA,NA,NA,NA,NA,NA,NA,NA,NA,NA,NA,NA,NA,NA,NA,NA,NA,NA,NA,NA
DP1.10026.001,BARR,cfc_carbonNitrogen,2022,BARR,BARR_054,BARR_054.basePlot.cfc,tower,TN1TQAl40/vZeRSBmDuJklpjLtn71qk6KsOFQV8ykAo=,A00000349342,1,1.8,-30,3.03,48.41,16,1,2022,2022,permill,permill,percent,percent,NA,number,NA,NA,NA,NA,NA,NA,NA,NA,NA,NA,NA,NA,NA,NA,NA,NA,NA,NA,NA,NA,NA,NA,NA,NA,NA,NA,NA,NA,NA,NA,NA,NA,NA,NA,NA,NA,NA,NA,NA,NA,NA,NA,NA,NA,NA,NA,NA,NA,NA,NA,NA,NA,NA,NA,NA,NA,NA,NA,NA,NA,NA,NA,NA,NA,NA,NA,NA,NA,NA,NA,NA,NA,NA,NA,NA,NA,NA,NA,NA,NA,NA,NA,NA
DP1.10026.001,BARR,cfc_chemistrySubsampling,2022,BARR,BARR_001,BARR_001.basePlot.cfc,distributed,TN1TQAl40/t4cMzFe84HKwWFXWd0bkey+iOGgGJBl0o=,A00000349375,1,NA,NA,NA,NA,NA,NA,2022,2022,NA,NA,NA,NA,NA,NA,NA,NA,5.01,gram,NA,NA,NA,NA,NA,NA,NA,NA,NA,NA,NA,NA,NA,NA,NA,NA,NA,NA,NA,NA,NA,NA,NA,NA,NA,NA,NA,NA,NA,NA,NA,NA,NA,NA,NA,NA,NA,NA,NA,NA,NA,NA,NA,NA,NA,NA,NA,NA,NA,NA,NA,NA,NA,NA,NA,NA,NA,NA,NA,NA,NA,NA,NA,NA,NA,NA,NA,NA,NA,NA,NA,NA,NA,NA,NA,NA,NA,NA,NA
DP1.10026.001,BARR,cfc_chemistrySubsampling,2022,BARR,BARR_002,BARR_002.basePlot.cfc,distributed,TN1TQAl40/vqyPfKxP0qWrPjgXK1s71DDOrOHpicakU=,A00000349362,1,NA,NA,NA,NA,NA,NA,2022,2022,NA,NA,NA,NA,NA,NA,NA,NA,2.74,gram,NA,NA,NA,NA,NA,NA,NA,NA,NA,NA,NA,NA,NA,NA,NA,NA,NA,NA,NA,NA,NA,NA,NA,NA,NA,NA,NA,NA,NA,NA,NA,NA,NA,NA,NA,NA,NA,NA,NA,NA,NA,NA,NA,NA,NA,NA,NA,NA,NA,NA,NA,NA,NA,NA,NA,NA,NA,NA,NA,NA,NA,NA,NA,NA,NA,NA,NA,NA,NA,NA,NA,NA,NA,NA,NA,NA,NA,NA,NA
DP1.10026.001,BARR,cfc_chemistrySubsampling,2022,BARR,BARR_003,BARR_003.basePlot.cfc,distributed,TN1TQAl40/t7xtGQseCUH/XCJ4qfIg2CpTR6cazlEb0=,A00000349314,1,NA,NA,NA,NA,NA,NA,2022,2022,NA,NA,NA,NA,NA,NA,NA,NA,3.09,gram,NA,NA,NA,NA,NA,NA,NA,NA,NA,NA,NA,NA,NA,NA,NA,NA,NA,NA,NA,NA,NA,NA,NA,NA,NA,NA,NA,NA,NA,NA,NA,NA,NA,NA,NA,NA,NA,NA,NA,NA,NA,NA,NA,NA,NA,NA,NA,NA,NA,NA,NA,NA,NA,NA,NA,NA,NA,NA,NA,NA,NA,NA,NA,NA,NA,NA,NA,NA,NA,NA,NA,NA,NA,NA,NA,NA,NA,NA,NA
DP1.10026.001,BARR,cfc_chemistrySubsampling,2022,BARR,BARR_004,BARR_004.basePlot.cfc,distributed,TN1TQAl40/tUlQ+Lfmu4AWrWc6Iv3GpIhvHRBMVnwCI=,A00000349358,1,NA,NA,NA,NA,NA,NA,2022,2022,NA,NA,NA,NA,NA,NA,NA,NA,5.76,gram,NA,NA,NA,NA,NA,NA,NA,NA,NA,NA,NA,NA,NA,NA,NA,NA,NA,NA,NA,NA,NA,NA,NA,NA,NA,NA,NA,NA,NA,NA,NA,NA,NA,NA,NA,NA,NA,NA,NA,NA,NA,NA,NA,NA,NA,NA,NA,NA,NA,NA,NA,NA,NA,NA,NA,NA,NA,NA,NA,NA,NA,NA,NA,NA,NA,NA,NA,NA,NA,NA,NA,NA,NA,NA,NA,NA,NA,NA,NA
DP1.10026.001,BARR,cfc_chemistrySubsampling,2022,BARR,BARR_006,BARR_006.basePlot.cfc,distributed,TN1TQAl40/vs6dka0vUsZZjqrIbY6rR7ov13X+8d2xU=,A00000349345,1,NA,NA,NA,NA,NA,NA,2022,2022,NA,NA,NA,NA,NA,NA,NA,NA,3.48,gram,NA,NA,NA,NA,NA,NA,NA,NA,NA,NA,NA,NA,NA,NA,NA,NA,NA,NA,NA,NA,NA,NA,NA,NA,NA,NA,NA,NA,NA,NA,NA,NA,NA,NA,NA,NA,NA,NA,NA,NA,NA,NA,NA,NA,NA,NA,NA,NA,NA,NA,NA,NA,NA,NA,NA,NA,NA,NA,NA,NA,NA,NA,NA,NA,NA,NA,NA,NA,NA,NA,NA,NA,NA,NA,NA,NA,NA,NA,NA
DP1.10026.001,BARR,cfc_chemistrySubsampling,2022,BARR,BARR_007,BARR_007.basePlot.cfc,distributed,TN1TQAl40/uovFJwr6HcovMNF59+jaORcyfSa7CIuxQ=,A00000349331,1,NA,NA,NA,NA,NA,NA,2022,2022,NA,NA,NA,NA,NA,NA,NA,NA,2.99,gram,NA,NA,NA,NA,NA,NA,NA,NA,NA,NA,NA,NA,NA,NA,NA,NA,NA,NA,NA,NA,NA,NA,NA,NA,NA,NA,NA,NA,NA,NA,NA,NA,NA,NA,NA,NA,NA,NA,NA,NA,NA,NA,NA,NA,NA,NA,NA,NA,NA,NA,NA,NA,NA,NA,NA,NA,NA,NA,NA,NA,NA,NA,NA,NA,NA,NA,NA,NA,NA,NA,NA,NA,NA,NA,NA,NA,NA,NA,NA
DP1.10026.001,BARR,cfc_chemistrySubsampling,2022,BARR,BARR_008,BARR_008.basePlot.cfc,distributed,TN1TQAl40/t5vglrnm9Mr62329N+eC4tlnqcjAJMAgo=,A00000349327,1,NA,NA,NA,NA,NA,NA,2022,2022,NA,NA,NA,NA,NA,NA,NA,NA,4.1,gram,NA,NA,NA,NA,NA,NA,NA,NA,NA,NA,NA,NA,NA,NA,NA,NA,NA,NA,NA,NA,NA,NA,NA,NA,NA,NA,NA,NA,NA,NA,NA,NA,NA,NA,NA,NA,NA,NA,NA,NA,NA,NA,NA,NA,NA,NA,NA,NA,NA,NA,NA,NA,NA,NA,NA,NA,NA,NA,NA,NA,NA,NA,NA,NA,NA,NA,NA,NA,NA,NA,NA,NA,NA,NA,NA,NA,NA,NA,NA
DP1.10026.001,BARR,cfc_chemistrySubsampling,2022,BARR,BARR_009,BARR_009.basePlot.cfc,distributed,TN1TQAl40/uqpVfkODdhLAh1GqXaQyAdZjgD+nZvrVw=,A00000349357,1,NA,NA,NA,NA,NA,NA,2022,2022,NA,NA,NA,NA,NA,NA,NA,NA,4.87,gram,NA,NA,NA,NA,NA,NA,NA,NA,NA,NA,NA,NA,NA,NA,NA,NA,NA,NA,NA,NA,NA,NA,NA,NA,NA,NA,NA,NA,NA,NA,NA,NA,NA,NA,NA,NA,NA,NA,NA,NA,NA,NA,NA,NA,NA,NA,NA,NA,NA,NA,NA,NA,NA,NA,NA,NA,NA,NA,NA,NA,NA,NA,NA,NA,NA,NA,NA,NA,NA,NA,NA,NA,NA,NA,NA,NA,NA,NA,NA
DP1.10026.001,BARR,cfc_chemistrySubsampling,2022,BARR,BARR_011,BARR_011.basePlot.cfc,distributed,TN1TQAl40/tyHYgMn9YmcP1hNBO6LEG9+ptMMnWyb24=,A00000349330,1,NA,NA,NA,NA,NA,NA,2022,2022,NA,NA,NA,NA,NA,NA,NA,NA,2.08,gram,NA,NA,NA,NA,NA,NA,NA,NA,NA,NA,NA,NA,NA,NA,NA,NA,NA,NA,NA,NA,NA,NA,NA,NA,NA,NA,NA,NA,NA,NA,NA,NA,NA,NA,NA,NA,NA,NA,NA,NA,NA,NA,NA,NA,NA,NA,NA,NA,NA,NA,NA,NA,NA,NA,NA,NA,NA,NA,NA,NA,NA,NA,NA,NA,NA,NA,NA,NA,NA,NA,NA,NA,NA,NA,NA,NA,NA,NA,NA
DP1.10026.001,BARR,cfc_chemistrySubsampling,2022,BARR,BARR_013,BARR_013.basePlot.cfc,distributed,TN1TQAl40/uSwIilM+BaXzQHgi1JM9mOlXKgXIOfADg=,A00000349312,1,NA,NA,NA,NA,NA,NA,2022,2022,NA,NA,NA,NA,NA,NA,NA,NA,2.97,gram,NA,NA,NA,NA,NA,NA,NA,NA,NA,NA,NA,NA,NA,NA,NA,NA,NA,NA,NA,NA,NA,NA,NA,NA,NA,NA,NA,NA,NA,NA,NA,NA,NA,NA,NA,NA,NA,NA,NA,NA,NA,NA,NA,NA,NA,NA,NA,NA,NA,NA,NA,NA,NA,NA,NA,NA,NA,NA,NA,NA,NA,NA,NA,NA,NA,NA,NA,NA,NA,NA,NA,NA,NA,NA,NA,NA,NA,NA,NA
DP1.10026.001,BARR,cfc_chemistrySubsampling,2022,BARR,BARR_014,BARR_014.basePlot.cfc,distributed,TN1TQAl40/vkUREDaN0DgbD1lpx6G23xHj3RFKwcoA0=,A00000349359,1,NA,NA,NA,NA,NA,NA,2022,2022,NA,NA,NA,NA,NA,NA,NA,NA,2.72,gram,NA,NA,NA,NA,NA,NA,NA,NA,NA,NA,NA,NA,NA,NA,NA,NA,NA,NA,NA,NA,NA,NA,NA,NA,NA,NA,NA,NA,NA,NA,NA,NA,NA,NA,NA,NA,NA,NA,NA,NA,NA,NA,NA,NA,NA,NA,NA,NA,NA,NA,NA,NA,NA,NA,NA,NA,NA,NA,NA,NA,NA,NA,NA,NA,NA,NA,NA,NA,NA,NA,NA,NA,NA,NA,NA,NA,NA,NA,NA
DP1.10026.001,BARR,cfc_chemistrySubsampling,2022,BARR,BARR_015,BARR_015.basePlot.cfc,distributed,TN1TQAl40/sB+d9UYqY0n5SzmRzSg575JKl84e9jPnc=,A00000349341,1,NA,NA,NA,NA,NA,NA,2022,2022,NA,NA,NA,NA,NA,NA,NA,NA,1.51,gram,NA,NA,NA,NA,NA,NA,NA,NA,NA,NA,NA,NA,NA,NA,NA,NA,NA,NA,NA,NA,NA,NA,NA,NA,NA,NA,NA,NA,NA,NA,NA,NA,NA,NA,NA,NA,NA,NA,NA,NA,NA,NA,NA,NA,NA,NA,NA,NA,NA,NA,NA,NA,NA,NA,NA,NA,NA,NA,NA,NA,NA,NA,NA,NA,NA,NA,NA,NA,NA,NA,NA,NA,NA,NA,NA,NA,NA,NA,NA
DP1.10026.001,BARR,cfc_chemistrySubsampling,2022,BARR,BARR_016,BARR_016.basePlot.cfc,distributed,TN1TQAl40/vGDEGwGaeW20XbFsp0mauRk6h8L2x2Gdg=,A00000349325,1,NA,NA,NA,NA,NA,NA,2022,2022,NA,NA,NA,NA,NA,NA,NA,NA,2.86,gram,NA,NA,NA,NA,NA,NA,NA,NA,NA,NA,NA,NA,NA,NA,NA,NA,NA,NA,NA,NA,NA,NA,NA,NA,NA,NA,NA,NA,NA,NA,NA,NA,NA,NA,NA,NA,NA,NA,NA,NA,NA,NA,NA,NA,NA,NA,NA,NA,NA,NA,NA,NA,NA,NA,NA,NA,NA,NA,NA,NA,NA,NA,NA,NA,NA,NA,NA,NA,NA,NA,NA,NA,NA,NA,NA,NA,NA,NA,NA
DP1.10026.001,BARR,cfc_chemistrySubsampling,2022,BARR,BARR_017,BARR_017.basePlot.cfc,distributed,TN1TQAl40/v5a6n6GQA9zFQbBMzjJeXD6foPJDvYJZE=,A00000349376,1,NA,NA,NA,NA,NA,NA,2022,2022,NA,NA,NA,NA,NA,NA,NA,NA,2.59,gram,NA,NA,NA,NA,NA,NA,NA,NA,NA,NA,NA,NA,NA,NA,NA,NA,NA,NA,NA,NA,NA,NA,NA,NA,NA,NA,NA,NA,NA,NA,NA,NA,NA,NA,NA,NA,NA,NA,NA,NA,NA,NA,NA,NA,NA,NA,NA,NA,NA,NA,NA,NA,NA,NA,NA,NA,NA,NA,NA,NA,NA,NA,NA,NA,NA,NA,NA,NA,NA,NA,NA,NA,NA,NA,NA,NA,NA,NA,NA
DP1.10026.001,BARR,cfc_chemistrySubsampling,2022,BARR,BARR_021,BARR_021.basePlot.cfc,distributed,TN1TQAl40/s7xeUhBKt6OhkNFhetsQidMDYwQw/jEV8=,A00000349374,1,NA,NA,NA,NA,NA,NA,2022,2022,NA,NA,NA,NA,NA,NA,NA,NA,1.19,gram,NA,NA,NA,NA,NA,NA,NA,NA,NA,NA,NA,NA,NA,NA,NA,NA,NA,NA,NA,NA,NA,NA,NA,NA,NA,NA,NA,NA,NA,NA,NA,NA,NA,NA,NA,NA,NA,NA,NA,NA,NA,NA,NA,NA,NA,NA,NA,NA,NA,NA,NA,NA,NA,NA,NA,NA,NA,NA,NA,NA,NA,NA,NA,NA,NA,NA,NA,NA,NA,NA,NA,NA,NA,NA,NA,NA,NA,NA,NA
DP1.10026.001,BARR,cfc_chemistrySubsampling,2022,BARR,BARR_024,BARR_024.basePlot.cfc,distributed,TN1TQAl40/tuav5tsd9+KHxJ7HPMNOn6YWTozWOxLzU=,A00000349377,1,NA,NA,NA,NA,NA,NA,2022,2022,NA,NA,NA,NA,NA,NA,NA,NA,1.74,gram,NA,NA,NA,NA,NA,NA,NA,NA,NA,NA,NA,NA,NA,NA,NA,NA,NA,NA,NA,NA,NA,NA,NA,NA,NA,NA,NA,NA,NA,NA,NA,NA,NA,NA,NA,NA,NA,NA,NA,NA,NA,NA,NA,NA,NA,NA,NA,NA,NA,NA,NA,NA,NA,NA,NA,NA,NA,NA,NA,NA,NA,NA,NA,NA,NA,NA,NA,NA,NA,NA,NA,NA,NA,NA,NA,NA,NA,NA,NA
DP1.10026.001,BARR,cfc_chemistrySubsampling,2022,BARR,BARR_051,BARR_051.basePlot.cfc,tower,TN1TQAl40/vcB2Ec91NqfJVubm+7apHMGohFPYedunA=,A00000349373,1,NA,NA,NA,NA,NA,NA,2022,2022,NA,NA,NA,NA,NA,NA,NA,NA,4.29,gram,NA,NA,NA,NA,NA,NA,NA,NA,NA,NA,NA,NA,NA,NA,NA,NA,NA,NA,NA,NA,NA,NA,NA,NA,NA,NA,NA,NA,NA,NA,NA,NA,NA,NA,NA,NA,NA,NA,NA,NA,NA,NA,NA,NA,NA,NA,NA,NA,NA,NA,NA,NA,NA,NA,NA,NA,NA,NA,NA,NA,NA,NA,NA,NA,NA,NA,NA,NA,NA,NA,NA,NA,NA,NA,NA,NA,NA,NA,NA
DP1.10026.001,BARR,cfc_chemistrySubsampling,2022,BARR,BARR_052,BARR_052.basePlot.cfc,tower,TN1TQAl40/uXOsNBlNapeJzoQd69lZ9O5aycK4QqKCE=,A00000349309,1,NA,NA,NA,NA,NA,NA,2022,2022,NA,NA,NA,NA,NA,NA,NA,NA,4.12,gram,NA,NA,NA,NA,NA,NA,NA,NA,NA,NA,NA,NA,NA,NA,NA,NA,NA,NA,NA,NA,NA,NA,NA,NA,NA,NA,NA,NA,NA,NA,NA,NA,NA,NA,NA,NA,NA,NA,NA,NA,NA,NA,NA,NA,NA,NA,NA,NA,NA,NA,NA,NA,NA,NA,NA,NA,NA,NA,NA,NA,NA,NA,NA,NA,NA,NA,NA,NA,NA,NA,NA,NA,NA,NA,NA,NA,NA,NA,NA
DP1.10026.001,BARR,cfc_chemistrySubsampling,2022,BARR,BARR_053,BARR_053.basePlot.cfc,tower,TN1TQAl40/t21cP1BVrMyXRY7cVaXOQWsXydI3J/3Jg=,A00000349360,1,NA,NA,NA,NA,NA,NA,2022,2022,NA,NA,NA,NA,NA,NA,NA,NA,3.67,gram,NA,NA,NA,NA,NA,NA,NA,NA,NA,NA,NA,NA,NA,NA,NA,NA,NA,NA,NA,NA,NA,NA,NA,NA,NA,NA,NA,NA,NA,NA,NA,NA,NA,NA,NA,NA,NA,NA,NA,NA,NA,NA,NA,NA,NA,NA,NA,NA,NA,NA,NA,NA,NA,NA,NA,NA,NA,NA,NA,NA,NA,NA,NA,NA,NA,NA,NA,NA,NA,NA,NA,NA,NA,NA,NA,NA,NA,NA,NA
DP1.10026.001,BARR,cfc_chemistrySubsampling,2022,BARR,BARR_054,BARR_054.basePlot.cfc,tower,TN1TQAl40/vZeRSBmDuJklpjLtn71qk6KsOFQV8ykAo=,A00000349342,1,NA,NA,NA,NA,NA,NA,2022,2022,NA,NA,NA,NA,NA,NA,NA,NA,4.13,gram,NA,NA,NA,NA,NA,NA,NA,NA,NA,NA,NA,NA,NA,NA,NA,NA,NA,NA,NA,NA,NA,NA,NA,NA,NA,NA,NA,NA,NA,NA,NA,NA,NA,NA,NA,NA,NA,NA,NA,NA,NA,NA,NA,NA,NA,NA,NA,NA,NA,NA,NA,NA,NA,NA,NA,NA,NA,NA,NA,NA,NA,NA,NA,NA,NA,NA,NA,NA,NA,NA,NA,NA,NA,NA,NA,NA,NA,NA,NA
DP1.10026.001,BARR,cfc_chlorophyll,2022,BARR,BARR_001,BARR_001.basePlot.cfc,distributed,TN1TQAl40/t4cMzFe84HKwWFXWd0bkey+iOGgGJBl0o=,A00000349375,1,NA,NA,NA,NA,NA,1,2022,2022,NA,NA,NA,NA,NA,number,NA,NA,NA,NA,48,0.1296,20,4.77,0.98,2.23,hour,gram,milliliter,microgramsPerMilliliter,microgramsPerMilliliter,microgramsPerMilliliter,NA,NA,NA,NA,NA,NA,NA,NA,NA,NA,NA,NA,NA,NA,NA,NA,NA,NA,NA,NA,NA,NA,NA,NA,NA,NA,NA,NA,NA,NA,NA,NA,NA,NA,NA,NA,NA,NA,NA,NA,NA,NA,NA,NA,NA,NA,NA,NA,NA,NA,NA,NA,NA,NA,NA,NA,NA,NA,NA,NA,NA,NA,NA,NA,NA,NA,NA
DP1.10026.001,BARR,cfc_chlorophyll,2022,BARR,BARR_002,BARR_002.basePlot.cfc,distributed,TN1TQAl40/vqyPfKxP0qWrPjgXK1s71DDOrOHpicakU=,A00000349362,1,NA,NA,NA,NA,NA,1,2022,2022,NA,NA,NA,NA,NA,number,NA,NA,NA,NA,48,0.0876,20,5.16,1.11,2.41,hour,gram,milliliter,microgramsPerMilliliter,microgramsPerMilliliter,microgramsPerMilliliter,NA,NA,NA,NA,NA,NA,NA,NA,NA,NA,NA,NA,NA,NA,NA,NA,NA,NA,NA,NA,NA,NA,NA,NA,NA,NA,NA,NA,NA,NA,NA,NA,NA,NA,NA,NA,NA,NA,NA,NA,NA,NA,NA,NA,NA,NA,NA,NA,NA,NA,NA,NA,NA,NA,NA,NA,NA,NA,NA,NA,NA,NA,NA,NA,NA,NA,NA
DP1.10026.001,BARR,cfc_chlorophyll,2022,BARR,BARR_003,BARR_003.basePlot.cfc,distributed,TN1TQAl40/t7xtGQseCUH/XCJ4qfIg2CpTR6cazlEb0=,A00000349314,1,NA,NA,NA,NA,NA,1,2022,2022,NA,NA,NA,NA,NA,number,NA,NA,NA,NA,48,0.0951,20,6.02,1.06,2.57,hour,gram,milliliter,microgramsPerMilliliter,microgramsPerMilliliter,microgramsPerMilliliter,NA,NA,NA,NA,NA,NA,NA,NA,NA,NA,NA,NA,NA,NA,NA,NA,NA,NA,NA,NA,NA,NA,NA,NA,NA,NA,NA,NA,NA,NA,NA,NA,NA,NA,NA,NA,NA,NA,NA,NA,NA,NA,NA,NA,NA,NA,NA,NA,NA,NA,NA,NA,NA,NA,NA,NA,NA,NA,NA,NA,NA,NA,NA,NA,NA,NA,NA
DP1.10026.001,BARR,cfc_chlorophyll,2022,BARR,BARR_004,BARR_004.basePlot.cfc,distributed,TN1TQAl40/tUlQ+Lfmu4AWrWc6Iv3GpIhvHRBMVnwCI=,A00000349358,1,NA,NA,NA,NA,NA,1,2022,2022,NA,NA,NA,NA,NA,number,NA,NA,NA,NA,48,0.0934,20,3.72,0.83,1.33,hour,gram,milliliter,microgramsPerMilliliter,microgramsPerMilliliter,microgramsPerMilliliter,NA,NA,NA,NA,NA,NA,NA,NA,NA,NA,NA,NA,NA,NA,NA,NA,NA,NA,NA,NA,NA,NA,NA,NA,NA,NA,NA,NA,NA,NA,NA,NA,NA,NA,NA,NA,NA,NA,NA,NA,NA,NA,NA,NA,NA,NA,NA,NA,NA,NA,NA,NA,NA,NA,NA,NA,NA,NA,NA,NA,NA,NA,NA,NA,NA,NA,NA
DP1.10026.001,BARR,cfc_chlorophyll,2022,BARR,BARR_006,BARR_006.basePlot.cfc,distributed,TN1TQAl40/vs6dka0vUsZZjqrIbY6rR7ov13X+8d2xU=,A00000349345,1,NA,NA,NA,NA,NA,1,2022,2022,NA,NA,NA,NA,NA,number,NA,NA,NA,NA,48,0.1443,20,4.46,1.04,1.83,hour,gram,milliliter,microgramsPerMilliliter,microgramsPerMilliliter,microgramsPerMilliliter,NA,NA,NA,NA,NA,NA,NA,NA,NA,NA,NA,NA,NA,NA,NA,NA,NA,NA,NA,NA,NA,NA,NA,NA,NA,NA,NA,NA,NA,NA,NA,NA,NA,NA,NA,NA,NA,NA,NA,NA,NA,NA,NA,NA,NA,NA,NA,NA,NA,NA,NA,NA,NA,NA,NA,NA,NA,NA,NA,NA,NA,NA,NA,NA,NA,NA,NA
DP1.10026.001,BARR,cfc_chlorophyll,2022,BARR,BARR_007,BARR_007.basePlot.cfc,distributed,TN1TQAl40/uovFJwr6HcovMNF59+jaORcyfSa7CIuxQ=,A00000349331,1,NA,NA,NA,NA,NA,1,2022,2022,NA,NA,NA,NA,NA,number,NA,NA,NA,NA,48,0.172,20,10.68,2.07,4.43,hour,gram,milliliter,microgramsPerMilliliter,microgramsPerMilliliter,microgramsPerMilliliter,NA,NA,NA,NA,NA,NA,NA,NA,NA,NA,NA,NA,NA,NA,NA,NA,NA,NA,NA,NA,NA,NA,NA,NA,NA,NA,NA,NA,NA,NA,NA,NA,NA,NA,NA,NA,NA,NA,NA,NA,NA,NA,NA,NA,NA,NA,NA,NA,NA,NA,NA,NA,NA,NA,NA,NA,NA,NA,NA,NA,NA,NA,NA,NA,NA,NA,NA
DP1.10026.001,BARR,cfc_chlorophyll,2022,BARR,BARR_008,BARR_008.basePlot.cfc,distributed,TN1TQAl40/t5vglrnm9Mr62329N+eC4tlnqcjAJMAgo=,A00000349327,1,NA,NA,NA,NA,NA,1,2022,2022,NA,NA,NA,NA,NA,number,NA,NA,NA,NA,48,0.1514,20,5.93,1.33,2.15,hour,gram,milliliter,microgramsPerMilliliter,microgramsPerMilliliter,microgramsPerMilliliter,NA,NA,NA,NA,NA,NA,NA,NA,NA,NA,NA,NA,NA,NA,NA,NA,NA,NA,NA,NA,NA,NA,NA,NA,NA,NA,NA,NA,NA,NA,NA,NA,NA,NA,NA,NA,NA,NA,NA,NA,NA,NA,NA,NA,NA,NA,NA,NA,NA,NA,NA,NA,NA,NA,NA,NA,NA,NA,NA,NA,NA,NA,NA,NA,NA,NA,NA
DP1.10026.001,BARR,cfc_chlorophyll,2022,BARR,BARR_009,BARR_009.basePlot.cfc,distributed,TN1TQAl40/uqpVfkODdhLAh1GqXaQyAdZjgD+nZvrVw=,A00000349357,1,NA,NA,NA,NA,NA,1,2022,2022,NA,NA,NA,NA,NA,number,NA,NA,NA,NA,48,0.127,20,7.61,1.64,3.03,hour,gram,milliliter,microgramsPerMilliliter,microgramsPerMilliliter,microgramsPerMilliliter,NA,NA,NA,NA,NA,NA,NA,NA,NA,NA,NA,NA,NA,NA,NA,NA,NA,NA,NA,NA,NA,NA,NA,NA,NA,NA,NA,NA,NA,NA,NA,NA,NA,NA,NA,NA,NA,NA,NA,NA,NA,NA,NA,NA,NA,NA,NA,NA,NA,NA,NA,NA,NA,NA,NA,NA,NA,NA,NA,NA,NA,NA,NA,NA,NA,NA,NA
DP1.10026.001,BARR,cfc_chlorophyll,2022,BARR,BARR_011,BARR_011.basePlot.cfc,distributed,TN1TQAl40/tyHYgMn9YmcP1hNBO6LEG9+ptMMnWyb24=,A00000349330,1,NA,NA,NA,NA,NA,1,2022,2022,NA,NA,NA,NA,NA,number,NA,NA,NA,NA,48,0.1567,20,6.26,1.12,3.35,hour,gram,milliliter,microgramsPerMilliliter,microgramsPerMilliliter,microgramsPerMilliliter,NA,NA,NA,NA,NA,NA,NA,NA,NA,NA,NA,NA,NA,NA,NA,NA,NA,NA,NA,NA,NA,NA,NA,NA,NA,NA,NA,NA,NA,NA,NA,NA,NA,NA,NA,NA,NA,NA,NA,NA,NA,NA,NA,NA,NA,NA,NA,NA,NA,NA,NA,NA,NA,NA,NA,NA,NA,NA,NA,NA,NA,NA,NA,NA,NA,NA,NA
DP1.10026.001,BARR,cfc_chlorophyll,2022,BARR,BARR_013,BARR_013.basePlot.cfc,distributed,TN1TQAl40/uSwIilM+BaXzQHgi1JM9mOlXKgXIOfADg=,A00000349312,1,NA,NA,NA,NA,NA,1,2022,2022,NA,NA,NA,NA,NA,number,NA,NA,NA,NA,48,0.1109,20,7.1,1.59,2.46,hour,gram,milliliter,microgramsPerMilliliter,microgramsPerMilliliter,microgramsPerMilliliter,NA,NA,NA,NA,NA,NA,NA,NA,NA,NA,NA,NA,NA,NA,NA,NA,NA,NA,NA,NA,NA,NA,NA,NA,NA,NA,NA,NA,NA,NA,NA,NA,NA,NA,NA,NA,NA,NA,NA,NA,NA,NA,NA,NA,NA,NA,NA,NA,NA,NA,NA,NA,NA,NA,NA,NA,NA,NA,NA,NA,NA,NA,NA,NA,NA,NA,NA
DP1.10026.001,BARR,cfc_chlorophyll,2022,BARR,BARR_014,BARR_014.basePlot.cfc,distributed,TN1TQAl40/vkUREDaN0DgbD1lpx6G23xHj3RFKwcoA0=,A00000349359,1,NA,NA,NA,NA,NA,1,2022,2022,NA,NA,NA,NA,NA,number,NA,NA,NA,NA,48,0.1031,20,4.5,0.83,2.52,hour,gram,milliliter,microgramsPerMilliliter,microgramsPerMilliliter,microgramsPerMilliliter,NA,NA,NA,NA,NA,NA,NA,NA,NA,NA,NA,NA,NA,NA,NA,NA,NA,NA,NA,NA,NA,NA,NA,NA,NA,NA,NA,NA,NA,NA,NA,NA,NA,NA,NA,NA,NA,NA,NA,NA,NA,NA,NA,NA,NA,NA,NA,NA,NA,NA,NA,NA,NA,NA,NA,NA,NA,NA,NA,NA,NA,NA,NA,NA,NA,NA,NA
DP1.10026.001,BARR,cfc_chlorophyll,2022,BARR,BARR_015,BARR_015.basePlot.cfc,distributed,TN1TQAl40/sB+d9UYqY0n5SzmRzSg575JKl84e9jPnc=,A00000349341,1,NA,NA,NA,NA,NA,1,2022,2022,NA,NA,NA,NA,NA,number,NA,NA,NA,NA,48,0.1483,20,12,2.7,3.7,hour,gram,milliliter,microgramsPerMilliliter,microgramsPerMilliliter,microgramsPerMilliliter,NA,NA,NA,NA,NA,NA,NA,NA,NA,NA,NA,NA,NA,NA,NA,NA,NA,NA,NA,NA,NA,NA,NA,NA,NA,NA,NA,NA,NA,NA,NA,NA,NA,NA,NA,NA,NA,NA,NA,NA,NA,NA,NA,NA,NA,NA,NA,NA,NA,NA,NA,NA,NA,NA,NA,NA,NA,NA,NA,NA,NA,NA,NA,NA,NA,NA,NA
DP1.10026.001,BARR,cfc_chlorophyll,2022,BARR,BARR_016,BARR_016.basePlot.cfc,distributed,TN1TQAl40/vGDEGwGaeW20XbFsp0mauRk6h8L2x2Gdg=,A00000349325,1,NA,NA,NA,NA,NA,1,2022,2022,NA,NA,NA,NA,NA,number,NA,NA,NA,NA,48,0.1502,20,10.7,2.12,4.18,hour,gram,milliliter,microgramsPerMilliliter,microgramsPerMilliliter,microgramsPerMilliliter,NA,NA,NA,NA,NA,NA,NA,NA,NA,NA,NA,NA,NA,NA,NA,NA,NA,NA,NA,NA,NA,NA,NA,NA,NA,NA,NA,NA,NA,NA,NA,NA,NA,NA,NA,NA,NA,NA,NA,NA,NA,NA,NA,NA,NA,NA,NA,NA,NA,NA,NA,NA,NA,NA,NA,NA,NA,NA,NA,NA,NA,NA,NA,NA,NA,NA,NA
DP1.10026.001,BARR,cfc_chlorophyll,2022,BARR,BARR_017,BARR_017.basePlot.cfc,distributed,TN1TQAl40/v5a6n6GQA9zFQbBMzjJeXD6foPJDvYJZE=,A00000349376,1,NA,NA,NA,NA,NA,1,2022,2022,NA,NA,NA,NA,NA,number,NA,NA,NA,NA,48,0.1361,20,5.23,1.14,2.14,hour,gram,milliliter,microgramsPerMilliliter,microgramsPerMilliliter,microgramsPerMilliliter,NA,NA,NA,NA,NA,NA,NA,NA,NA,NA,NA,NA,NA,NA,NA,NA,NA,NA,NA,NA,NA,NA,NA,NA,NA,NA,NA,NA,NA,NA,NA,NA,NA,NA,NA,NA,NA,NA,NA,NA,NA,NA,NA,NA,NA,NA,NA,NA,NA,NA,NA,NA,NA,NA,NA,NA,NA,NA,NA,NA,NA,NA,NA,NA,NA,NA,NA
DP1.10026.001,BARR,cfc_chlorophyll,2022,BARR,BARR_021,BARR_021.basePlot.cfc,distributed,TN1TQAl40/s7xeUhBKt6OhkNFhetsQidMDYwQw/jEV8=,A00000349374,1,NA,NA,NA,NA,NA,1,2022,2022,NA,NA,NA,NA,NA,number,NA,NA,NA,NA,48,0.1402,20,8.84,1.76,3.83,hour,gram,milliliter,microgramsPerMilliliter,microgramsPerMilliliter,microgramsPerMilliliter,NA,NA,NA,NA,NA,NA,NA,NA,NA,NA,NA,NA,NA,NA,NA,NA,NA,NA,NA,NA,NA,NA,NA,NA,NA,NA,NA,NA,NA,NA,NA,NA,NA,NA,NA,NA,NA,NA,NA,NA,NA,NA,NA,NA,NA,NA,NA,NA,NA,NA,NA,NA,NA,NA,NA,NA,NA,NA,NA,NA,NA,NA,NA,NA,NA,NA,NA
DP1.10026.001,BARR,cfc_chlorophyll,2022,BARR,BARR_024,BARR_024.basePlot.cfc,distributed,TN1TQAl40/tuav5tsd9+KHxJ7HPMNOn6YWTozWOxLzU=,A00000349377,1,NA,NA,NA,NA,NA,1,2022,2022,NA,NA,NA,NA,NA,number,NA,NA,NA,NA,48,0.1415,20,3.82,0.81,1.91,hour,gram,milliliter,microgramsPerMilliliter,microgramsPerMilliliter,microgramsPerMilliliter,NA,NA,NA,NA,NA,NA,NA,NA,NA,NA,NA,NA,NA,NA,NA,NA,NA,NA,NA,NA,NA,NA,NA,NA,NA,NA,NA,NA,NA,NA,NA,NA,NA,NA,NA,NA,NA,NA,NA,NA,NA,NA,NA,NA,NA,NA,NA,NA,NA,NA,NA,NA,NA,NA,NA,NA,NA,NA,NA,NA,NA,NA,NA,NA,NA,NA,NA
DP1.10026.001,BARR,cfc_chlorophyll,2022,BARR,BARR_051,BARR_051.basePlot.cfc,tower,TN1TQAl40/vcB2Ec91NqfJVubm+7apHMGohFPYedunA=,A00000349373,1,NA,NA,NA,NA,NA,1,2022,2022,NA,NA,NA,NA,NA,number,NA,NA,NA,NA,48,0.1454,20,7.09,1.54,2.75,hour,gram,milliliter,microgramsPerMilliliter,microgramsPerMilliliter,microgramsPerMilliliter,NA,NA,NA,NA,NA,NA,NA,NA,NA,NA,NA,NA,NA,NA,NA,NA,NA,NA,NA,NA,NA,NA,NA,NA,NA,NA,NA,NA,NA,NA,NA,NA,NA,NA,NA,NA,NA,NA,NA,NA,NA,NA,NA,NA,NA,NA,NA,NA,NA,NA,NA,NA,NA,NA,NA,NA,NA,NA,NA,NA,NA,NA,NA,NA,NA,NA,NA
DP1.10026.001,BARR,cfc_chlorophyll,2022,BARR,BARR_052,BARR_052.basePlot.cfc,tower,TN1TQAl40/uXOsNBlNapeJzoQd69lZ9O5aycK4QqKCE=,A00000349309,1,NA,NA,NA,NA,NA,1,2022,2022,NA,NA,NA,NA,NA,number,NA,NA,NA,NA,48,0.1547,20,7.09,1.65,2.51,hour,gram,milliliter,microgramsPerMilliliter,microgramsPerMilliliter,microgramsPerMilliliter,NA,NA,NA,NA,NA,NA,NA,NA,NA,NA,NA,NA,NA,NA,NA,NA,NA,NA,NA,NA,NA,NA,NA,NA,NA,NA,NA,NA,NA,NA,NA,NA,NA,NA,NA,NA,NA,NA,NA,NA,NA,NA,NA,NA,NA,NA,NA,NA,NA,NA,NA,NA,NA,NA,NA,NA,NA,NA,NA,NA,NA,NA,NA,NA,NA,NA,NA
DP1.10026.001,BARR,cfc_chlorophyll,2022,BARR,BARR_053,BARR_053.basePlot.cfc,tower,TN1TQAl40/t21cP1BVrMyXRY7cVaXOQWsXydI3J/3Jg=,A00000349360,1,NA,NA,NA,NA,NA,1,2022,2022,NA,NA,NA,NA,NA,number,NA,NA,NA,NA,48,0.1083,20,7.1,1.57,2.47,hour,gram,milliliter,microgramsPerMilliliter,microgramsPerMilliliter,microgramsPerMilliliter,NA,NA,NA,NA,NA,NA,NA,NA,NA,NA,NA,NA,NA,NA,NA,NA,NA,NA,NA,NA,NA,NA,NA,NA,NA,NA,NA,NA,NA,NA,NA,NA,NA,NA,NA,NA,NA,NA,NA,NA,NA,NA,NA,NA,NA,NA,NA,NA,NA,NA,NA,NA,NA,NA,NA,NA,NA,NA,NA,NA,NA,NA,NA,NA,NA,NA,NA
DP1.10026.001,BARR,cfc_chlorophyll,2022,BARR,BARR_054,BARR_054.basePlot.cfc,tower,TN1TQAl40/vZeRSBmDuJklpjLtn71qk6KsOFQV8ykAo=,A00000349342,1,NA,NA,NA,NA,NA,1,2022,2022,NA,NA,NA,NA,NA,number,NA,NA,NA,NA,48,0.1595,20,7.16,1.58,2.66,hour,gram,milliliter,microgramsPerMilliliter,microgramsPerMilliliter,microgramsPerMilliliter,NA,NA,NA,NA,NA,NA,NA,NA,NA,NA,NA,NA,NA,NA,NA,NA,NA,NA,NA,NA,NA,NA,NA,NA,NA,NA,NA,NA,NA,NA,NA,NA,NA,NA,NA,NA,NA,NA,NA,NA,NA,NA,NA,NA,NA,NA,NA,NA,NA,NA,NA,NA,NA,NA,NA,NA,NA,NA,NA,NA,NA,NA,NA,NA,NA,NA,NA
DP1.10026.001,BARR,cfc_elements,2022,BARR,BARR_001,BARR_001.basePlot.cfc,distributed,TN1TQAl40/t4cMzFe84HKwWFXWd0bkey+iOGgGJBl0o=,A00000349375,1,NA,NA,NA,NA,NA,1,2022,2022,NA,NA,NA,NA,NA,number,NA,NA,NA,NA,NA,NA,NA,NA,NA,NA,NA,NA,NA,NA,NA,NA,0.202,25,0.192,0.981,0.237,0.19,0.174,426.3,791.1,3.5,6.3,68.2,gram,milliliter,percent,percent,percent,percent,percent,milligramsPerKilogram,milligramsPerKilogram,milligramsPerKilogram,milligramsPerKilogram,milligramsPerKilogram,NA,NA,NA,NA,NA,NA,NA,NA,NA,NA,NA,NA,NA,NA,NA,NA,NA,NA,NA,NA,NA,NA,NA,NA,NA,NA,NA,NA,NA,NA,NA,NA,NA,NA,NA,NA,NA,NA,NA,NA,NA,NA,NA
DP1.10026.001,BARR,cfc_elements,2022,BARR,BARR_002,BARR_002.basePlot.cfc,distributed,TN1TQAl40/vqyPfKxP0qWrPjgXK1s71DDOrOHpicakU=,A00000349362,1,NA,NA,NA,NA,NA,1,2022,2022,NA,NA,NA,NA,NA,number,NA,NA,NA,NA,NA,NA,NA,NA,NA,NA,NA,NA,NA,NA,NA,NA,0.198,25,0.258,1.061,0.281,0.181,0.241,413.7,880,6.2,6,60.3,gram,milliliter,percent,percent,percent,percent,percent,milligramsPerKilogram,milligramsPerKilogram,milligramsPerKilogram,milligramsPerKilogram,milligramsPerKilogram,NA,NA,NA,NA,NA,NA,NA,NA,NA,NA,NA,NA,NA,NA,NA,NA,NA,NA,NA,NA,NA,NA,NA,NA,NA,NA,NA,NA,NA,NA,NA,NA,NA,NA,NA,NA,NA,NA,NA,NA,NA,NA,NA
DP1.10026.001,BARR,cfc_elements,2022,BARR,BARR_003,BARR_003.basePlot.cfc,distributed,TN1TQAl40/t7xtGQseCUH/XCJ4qfIg2CpTR6cazlEb0=,A00000349314,1,NA,NA,NA,NA,NA,1,2022,2022,NA,NA,NA,NA,NA,number,NA,NA,NA,NA,NA,NA,NA,NA,NA,NA,NA,NA,NA,NA,NA,NA,0.202,25,0.495,1.831,0.121,0.137,0.172,80.7,412.9,1.3,1.9,81.3,gram,milliliter,percent,percent,percent,percent,percent,milligramsPerKilogram,milligramsPerKilogram,milligramsPerKilogram,milligramsPerKilogram,milligramsPerKilogram,NA,NA,NA,NA,NA,NA,NA,NA,NA,NA,NA,NA,NA,NA,NA,NA,NA,NA,NA,NA,NA,NA,NA,NA,NA,NA,NA,NA,NA,NA,NA,NA,NA,NA,NA,NA,NA,NA,NA,NA,NA,NA,NA
DP1.10026.001,BARR,cfc_elements,2022,BARR,BARR_004,BARR_004.basePlot.cfc,distributed,TN1TQAl40/tUlQ+Lfmu4AWrWc6Iv3GpIhvHRBMVnwCI=,A00000349358,1,NA,NA,NA,NA,NA,1,2022,2022,NA,NA,NA,NA,NA,number,NA,NA,NA,NA,NA,NA,NA,NA,NA,NA,NA,NA,NA,NA,NA,NA,0.202,25,0.118,0.745,0.532,0.247,0.192,423,1028,8.7,11.1,130.7,gram,milliliter,percent,percent,percent,percent,percent,milligramsPerKilogram,milligramsPerKilogram,milligramsPerKilogram,milligramsPerKilogram,milligramsPerKilogram,NA,NA,NA,NA,NA,NA,NA,NA,NA,NA,NA,NA,NA,NA,NA,NA,NA,NA,NA,NA,NA,NA,NA,NA,NA,NA,NA,NA,NA,NA,NA,NA,NA,NA,NA,NA,NA,NA,NA,NA,NA,NA,NA
DP1.10026.001,BARR,cfc_elements,2022,BARR,BARR_006,BARR_006.basePlot.cfc,distributed,TN1TQAl40/vs6dka0vUsZZjqrIbY6rR7ov13X+8d2xU=,A00000349345,1,NA,NA,NA,NA,NA,1,2022,2022,NA,NA,NA,NA,NA,number,NA,NA,NA,NA,NA,NA,NA,NA,NA,NA,NA,NA,NA,NA,NA,NA,0.206,25,0.149,0.617,0.256,0.222,0.166,247.3,1691,5.3,4.9,57.6,gram,milliliter,percent,percent,percent,percent,percent,milligramsPerKilogram,milligramsPerKilogram,milligramsPerKilogram,milligramsPerKilogram,milligramsPerKilogram,NA,NA,NA,NA,NA,NA,NA,NA,NA,NA,NA,NA,NA,NA,NA,NA,NA,NA,NA,NA,NA,NA,NA,NA,NA,NA,NA,NA,NA,NA,NA,NA,NA,NA,NA,NA,NA,NA,NA,NA,NA,NA,NA
DP1.10026.001,BARR,cfc_elements,2022,BARR,BARR_007,BARR_007.basePlot.cfc,distributed,TN1TQAl40/uovFJwr6HcovMNF59+jaORcyfSa7CIuxQ=,A00000349331,1,NA,NA,NA,NA,NA,1,2022,2022,NA,NA,NA,NA,NA,number,NA,NA,NA,NA,NA,NA,NA,NA,NA,NA,NA,NA,NA,NA,NA,NA,0.198,25,0.105,0.806,0.228,0.234,0.133,220.3,954.6,3.8,5.1,46,gram,milliliter,percent,percent,percent,percent,percent,milligramsPerKilogram,milligramsPerKilogram,milligramsPerKilogram,milligramsPerKilogram,milligramsPerKilogram,NA,NA,NA,NA,NA,NA,NA,NA,NA,NA,NA,NA,NA,NA,NA,NA,NA,NA,NA,NA,NA,NA,NA,NA,NA,NA,NA,NA,NA,NA,NA,NA,NA,NA,NA,NA,NA,NA,NA,NA,NA,NA,NA
DP1.10026.001,BARR,cfc_elements,2022,BARR,BARR_008,BARR_008.basePlot.cfc,distributed,TN1TQAl40/t5vglrnm9Mr62329N+eC4tlnqcjAJMAgo=,A00000349327,1,NA,NA,NA,NA,NA,1,2022,2022,NA,NA,NA,NA,NA,number,NA,NA,NA,NA,NA,NA,NA,NA,NA,NA,NA,NA,NA,NA,NA,NA,0.196,25,0.078,0.543,0.19,0.178,0.11,132.4,262.7,2.3,3.6,34.2,gram,milliliter,percent,percent,percent,percent,percent,milligramsPerKilogram,milligramsPerKilogram,milligramsPerKilogram,milligramsPerKilogram,milligramsPerKilogram,NA,NA,NA,NA,NA,NA,NA,NA,NA,NA,NA,NA,NA,NA,NA,NA,NA,NA,NA,NA,NA,NA,NA,NA,NA,NA,NA,NA,NA,NA,NA,NA,NA,NA,NA,NA,NA,NA,NA,NA,NA,NA,NA
DP1.10026.001,BARR,cfc_elements,2022,BARR,BARR_009,BARR_009.basePlot.cfc,distributed,TN1TQAl40/uqpVfkODdhLAh1GqXaQyAdZjgD+nZvrVw=,A00000349357,1,NA,NA,NA,NA,NA,1,2022,2022,NA,NA,NA,NA,NA,number,NA,NA,NA,NA,NA,NA,NA,NA,NA,NA,NA,NA,NA,NA,NA,NA,0.196,25,0.244,1.042,0.298,0.242,0.184,436.2,151.2,4,8.1,42.4,gram,milliliter,percent,percent,percent,percent,percent,milligramsPerKilogram,milligramsPerKilogram,milligramsPerKilogram,milligramsPerKilogram,milligramsPerKilogram,NA,NA,NA,NA,NA,NA,NA,NA,NA,NA,NA,NA,NA,NA,NA,NA,NA,NA,NA,NA,NA,NA,NA,NA,NA,NA,NA,NA,NA,NA,NA,NA,NA,NA,NA,NA,NA,NA,NA,NA,NA,NA,NA
DP1.10026.001,BARR,cfc_elements,2022,BARR,BARR_011,BARR_011.basePlot.cfc,distributed,TN1TQAl40/tyHYgMn9YmcP1hNBO6LEG9+ptMMnWyb24=,A00000349330,1,NA,NA,NA,NA,NA,1,2022,2022,NA,NA,NA,NA,NA,number,NA,NA,NA,NA,NA,NA,NA,NA,NA,NA,NA,NA,NA,NA,NA,NA,0.199,25,0.249,1.193,0.201,0.245,0.16,231.9,2522,6.4,4.1,57.5,gram,milliliter,percent,percent,percent,percent,percent,milligramsPerKilogram,milligramsPerKilogram,milligramsPerKilogram,milligramsPerKilogram,milligramsPerKilogram,NA,NA,NA,NA,NA,NA,NA,NA,NA,NA,NA,NA,NA,NA,NA,NA,NA,NA,NA,NA,NA,NA,NA,NA,NA,NA,NA,NA,NA,NA,NA,NA,NA,NA,NA,NA,NA,NA,NA,NA,NA,NA,NA
DP1.10026.001,BARR,cfc_elements,2022,BARR,BARR_013,BARR_013.basePlot.cfc,distributed,TN1TQAl40/uSwIilM+BaXzQHgi1JM9mOlXKgXIOfADg=,A00000349312,1,NA,NA,NA,NA,NA,1,2022,2022,NA,NA,NA,NA,NA,number,NA,NA,NA,NA,NA,NA,NA,NA,NA,NA,NA,NA,NA,NA,NA,NA,0.197,25,0.19,1.053,0.303,0.218,0.194,418.4,111.9,5.2,7,56.9,gram,milliliter,percent,percent,percent,percent,percent,milligramsPerKilogram,milligramsPerKilogram,milligramsPerKilogram,milligramsPerKilogram,milligramsPerKilogram,NA,NA,NA,NA,NA,NA,NA,NA,NA,NA,NA,NA,NA,NA,NA,NA,NA,NA,NA,NA,NA,NA,NA,NA,NA,NA,NA,NA,NA,NA,NA,NA,NA,NA,NA,NA,NA,NA,NA,NA,NA,NA,NA
DP1.10026.001,BARR,cfc_elements,2022,BARR,BARR_014,BARR_014.basePlot.cfc,distributed,TN1TQAl40/vkUREDaN0DgbD1lpx6G23xHj3RFKwcoA0=,A00000349359,1,NA,NA,NA,NA,NA,1,2022,2022,NA,NA,NA,NA,NA,number,NA,NA,NA,NA,NA,NA,NA,NA,NA,NA,NA,NA,NA,NA,NA,NA,0.195,25,0.304,1.368,0.326,0.309,0.202,138.5,866.3,2.8,6.5,68.5,gram,milliliter,percent,percent,percent,percent,percent,milligramsPerKilogram,milligramsPerKilogram,milligramsPerKilogram,milligramsPerKilogram,milligramsPerKilogram,NA,NA,NA,NA,NA,NA,NA,NA,NA,NA,NA,NA,NA,NA,NA,NA,NA,NA,NA,NA,NA,NA,NA,NA,NA,NA,NA,NA,NA,NA,NA,NA,NA,NA,NA,NA,NA,NA,NA,NA,NA,NA,NA
DP1.10026.001,BARR,cfc_elements,2022,BARR,BARR_015,BARR_015.basePlot.cfc,distributed,TN1TQAl40/sB+d9UYqY0n5SzmRzSg575JKl84e9jPnc=,A00000349341,1,NA,NA,NA,NA,NA,1,2022,2022,NA,NA,NA,NA,NA,number,NA,NA,NA,NA,NA,NA,NA,NA,NA,NA,NA,NA,NA,NA,NA,NA,0.196,25,0.197,0.854,0.256,0.234,0.207,169.3,285.1,5.9,8,49.9,gram,milliliter,percent,percent,percent,percent,percent,milligramsPerKilogram,milligramsPerKilogram,milligramsPerKilogram,milligramsPerKilogram,milligramsPerKilogram,NA,NA,NA,NA,NA,NA,NA,NA,NA,NA,NA,NA,NA,NA,NA,NA,NA,NA,NA,NA,NA,NA,NA,NA,NA,NA,NA,NA,NA,NA,NA,NA,NA,NA,NA,NA,NA,NA,NA,NA,NA,NA,NA
DP1.10026.001,BARR,cfc_elements,2022,BARR,BARR_016,BARR_016.basePlot.cfc,distributed,TN1TQAl40/vGDEGwGaeW20XbFsp0mauRk6h8L2x2Gdg=,A00000349325,1,NA,NA,NA,NA,NA,1,2022,2022,NA,NA,NA,NA,NA,number,NA,NA,NA,NA,NA,NA,NA,NA,NA,NA,NA,NA,NA,NA,NA,NA,0.197,25,0.245,0.958,0.335,0.177,0.258,1135,541.1,7.3,6.5,66.7,gram,milliliter,percent,percent,percent,percent,percent,milligramsPerKilogram,milligramsPerKilogram,milligramsPerKilogram,milligramsPerKilogram,milligramsPerKilogram,NA,NA,NA,NA,NA,NA,NA,NA,NA,NA,NA,NA,NA,NA,NA,NA,NA,NA,NA,NA,NA,NA,NA,NA,NA,NA,NA,NA,NA,NA,NA,NA,NA,NA,NA,NA,NA,NA,NA,NA,NA,NA,NA
DP1.10026.001,BARR,cfc_elements,2022,BARR,BARR_017,BARR_017.basePlot.cfc,distributed,TN1TQAl40/v5a6n6GQA9zFQbBMzjJeXD6foPJDvYJZE=,A00000349376,1,NA,NA,NA,NA,NA,1,2022,2022,NA,NA,NA,NA,NA,number,NA,NA,NA,NA,NA,NA,NA,NA,NA,NA,NA,NA,NA,NA,NA,NA,0.197,25,0.172,0.855,0.431,0.241,0.234,471.4,335.5,6.4,11.4,50.6,gram,milliliter,percent,percent,percent,percent,percent,milligramsPerKilogram,milligramsPerKilogram,milligramsPerKilogram,milligramsPerKilogram,milligramsPerKilogram,NA,NA,NA,NA,NA,NA,NA,NA,NA,NA,NA,NA,NA,NA,NA,NA,NA,NA,NA,NA,NA,NA,NA,NA,NA,NA,NA,NA,NA,NA,NA,NA,NA,NA,NA,NA,NA,NA,NA,NA,NA,NA,NA
DP1.10026.001,BARR,cfc_elements,2022,BARR,BARR_021,BARR_021.basePlot.cfc,distributed,TN1TQAl40/s7xeUhBKt6OhkNFhetsQidMDYwQw/jEV8=,A00000349374,1,NA,NA,NA,NA,NA,1,2022,2022,NA,NA,NA,NA,NA,number,NA,NA,NA,NA,NA,NA,NA,NA,NA,NA,NA,NA,NA,NA,NA,NA,0.199,25,0.384,1.025,0.218,0.121,0.173,178.1,942.5,3.7,2.7,47.7,gram,milliliter,percent,percent,percent,percent,percent,milligramsPerKilogram,milligramsPerKilogram,milligramsPerKilogram,milligramsPerKilogram,milligramsPerKilogram,NA,NA,NA,NA,NA,NA,NA,NA,NA,NA,NA,NA,NA,NA,NA,NA,NA,NA,NA,NA,NA,NA,NA,NA,NA,NA,NA,NA,NA,NA,NA,NA,NA,NA,NA,NA,NA,NA,NA,NA,NA,NA,NA
DP1.10026.001,BARR,cfc_elements,2022,BARR,BARR_024,BARR_024.basePlot.cfc,distributed,TN1TQAl40/tuav5tsd9+KHxJ7HPMNOn6YWTozWOxLzU=,A00000349377,1,NA,NA,NA,NA,NA,1,2022,2022,NA,NA,NA,NA,NA,number,NA,NA,NA,NA,NA,NA,NA,NA,NA,NA,NA,NA,NA,NA,NA,NA,0.204,25,0.282,1.623,0.274,0.207,0.187,358.4,1212,4.3,8.5,69.8,gram,milliliter,percent,percent,percent,percent,percent,milligramsPerKilogram,milligramsPerKilogram,milligramsPerKilogram,milligramsPerKilogram,milligramsPerKilogram,NA,NA,NA,NA,NA,NA,NA,NA,NA,NA,NA,NA,NA,NA,NA,NA,NA,NA,NA,NA,NA,NA,NA,NA,NA,NA,NA,NA,NA,NA,NA,NA,NA,NA,NA,NA,NA,NA,NA,NA,NA,NA,NA
DP1.10026.001,BARR,cfc_elements,2022,BARR,BARR_051,BARR_051.basePlot.cfc,tower,TN1TQAl40/vcB2Ec91NqfJVubm+7apHMGohFPYedunA=,A00000349373,1,NA,NA,NA,NA,NA,1,2022,2022,NA,NA,NA,NA,NA,number,NA,NA,NA,NA,NA,NA,NA,NA,NA,NA,NA,NA,NA,NA,NA,NA,0.2,25,0.237,0.768,0.208,0.218,0.213,146.9,789.6,5.7,8.6,51.4,gram,milliliter,percent,percent,percent,percent,percent,milligramsPerKilogram,milligramsPerKilogram,milligramsPerKilogram,milligramsPerKilogram,milligramsPerKilogram,NA,NA,NA,NA,NA,NA,NA,NA,NA,NA,NA,NA,NA,NA,NA,NA,NA,NA,NA,NA,NA,NA,NA,NA,NA,NA,NA,NA,NA,NA,NA,NA,NA,NA,NA,NA,NA,NA,NA,NA,NA,NA,NA
DP1.10026.001,BARR,cfc_elements,2022,BARR,BARR_052,BARR_052.basePlot.cfc,tower,TN1TQAl40/uXOsNBlNapeJzoQd69lZ9O5aycK4QqKCE=,A00000349309,1,NA,NA,NA,NA,NA,1,2022,2022,NA,NA,NA,NA,NA,number,NA,NA,NA,NA,NA,NA,NA,NA,NA,NA,NA,NA,NA,NA,NA,NA,0.198,25,0.205,0.802,0.174,0.208,0.213,74.7,2877,9.1,11.2,60.8,gram,milliliter,percent,percent,percent,percent,percent,milligramsPerKilogram,milligramsPerKilogram,milligramsPerKilogram,milligramsPerKilogram,milligramsPerKilogram,NA,NA,NA,NA,NA,NA,NA,NA,NA,NA,NA,NA,NA,NA,NA,NA,NA,NA,NA,NA,NA,NA,NA,NA,NA,NA,NA,NA,NA,NA,NA,NA,NA,NA,NA,NA,NA,NA,NA,NA,NA,NA,NA
DP1.10026.001,BARR,cfc_elements,2022,BARR,BARR_053,BARR_053.basePlot.cfc,tower,TN1TQAl40/t21cP1BVrMyXRY7cVaXOQWsXydI3J/3Jg=,A00000349360,1,NA,NA,NA,NA,NA,1,2022,2022,NA,NA,NA,NA,NA,number,NA,NA,NA,NA,NA,NA,NA,NA,NA,NA,NA,NA,NA,NA,NA,NA,0.196,25,0.175,0.704,0.141,0.195,0.131,193.1,143.4,2.7,3.4,33.3,gram,milliliter,percent,percent,percent,percent,percent,milligramsPerKilogram,milligramsPerKilogram,milligramsPerKilogram,milligramsPerKilogram,milligramsPerKilogram,NA,NA,NA,NA,NA,NA,NA,NA,NA,NA,NA,NA,NA,NA,NA,NA,NA,NA,NA,NA,NA,NA,NA,NA,NA,NA,NA,NA,NA,NA,NA,NA,NA,NA,NA,NA,NA,NA,NA,NA,NA,NA,NA
DP1.10026.001,BARR,cfc_elements,2022,BARR,BARR_054,BARR_054.basePlot.cfc,tower,TN1TQAl40/vZeRSBmDuJklpjLtn71qk6KsOFQV8ykAo=,A00000349342,1,NA,NA,NA,NA,NA,1,2022,2022,NA,NA,NA,NA,NA,number,NA,NA,NA,NA,NA,NA,NA,NA,NA,NA,NA,NA,NA,NA,NA,NA,0.204,25,0.311,1.413,0.268,0.157,0.231,381,1232,4.8,9.7,37.5,gram,milliliter,percent,percent,percent,percent,percent,milligramsPerKilogram,milligramsPerKilogram,milligramsPerKilogram,milligramsPerKilogram,milligramsPerKilogram,NA,NA,NA,NA,NA,NA,NA,NA,NA,NA,NA,NA,NA,NA,NA,NA,NA,NA,NA,NA,NA,NA,NA,NA,NA,NA,NA,NA,NA,NA,NA,NA,NA,NA,NA,NA,NA,NA,NA,NA,NA,NA,NA
DP1.10026.001,BARR,cfc_fieldData,2022,BARR,BARR_001,BARR_001.basePlot.cfc,distributed,TN1TQAl40/t4cMzFe84HKwWFXWd0bkey+iOGgGJBl0o=,A00000349375,1,NA,NA,NA,NA,NA,NA,2022,2022,NA,NA,NA,NA,NA,NA,NA,NA,NA,NA,NA,NA,NA,NA,NA,NA,NA,NA,NA,NA,NA,NA,NA,NA,NA,NA,NA,NA,NA,NA,NA,NA,NA,NA,NA,NA,NA,NA,NA,NA,NA,NA,NA,NA,NA,NA,31_400,NA,OK,NA,NA,71.244105,-156.421392,20.1,5.7,0.1,115,2,0.5,55,NA,NA,NA,decimalDegree,decimalDegree,meter,meter,meter,NA,meter,meter,percent,meter,meter,meter,NA,NA,NA,NA,NA,NA,NA,NA,NA,NA,NA,NA,NA,NA
DP1.10026.001,BARR,cfc_fieldData,2022,BARR,BARR_002,BARR_002.basePlot.cfc,distributed,TN1TQAl40/vqyPfKxP0qWrPjgXK1s71DDOrOHpicakU=,A00000349362,1,NA,NA,NA,NA,NA,NA,2022,2022,NA,NA,NA,NA,NA,NA,NA,NA,NA,NA,NA,NA,NA,NA,NA,NA,NA,NA,NA,NA,NA,NA,NA,NA,NA,NA,NA,NA,NA,NA,NA,NA,NA,NA,NA,NA,NA,NA,NA,NA,NA,NA,NA,NA,NA,NA,31_400,NA,OK,NA,NA,71.273924,-156.599236,20.1,5.2,0.1,59,2,0.1,43,NA,NA,NA,decimalDegree,decimalDegree,meter,meter,meter,NA,meter,meter,percent,meter,meter,meter,NA,NA,NA,NA,NA,NA,NA,NA,NA,NA,NA,NA,NA,NA
DP1.10026.001,BARR,cfc_fieldData,2022,BARR,BARR_003,BARR_003.basePlot.cfc,distributed,TN1TQAl40/t7xtGQseCUH/XCJ4qfIg2CpTR6cazlEb0=,A00000349314,1,NA,NA,NA,NA,NA,NA,2022,2022,NA,NA,NA,NA,NA,NA,NA,NA,NA,NA,NA,NA,NA,NA,NA,NA,NA,NA,NA,NA,NA,NA,NA,NA,NA,NA,NA,NA,NA,NA,NA,NA,NA,NA,NA,NA,NA,NA,NA,NA,NA,NA,NA,NA,NA,NA,31_400,NA,OK,NA,NA,71.258668,-156.648849,20,6.5,0.02,56,2,0.1,7,NA,NA,NA,decimalDegree,decimalDegree,meter,meter,meter,NA,meter,meter,percent,meter,meter,meter,NA,NA,NA,NA,NA,NA,NA,NA,NA,NA,NA,NA,NA,NA
DP1.10026.001,BARR,cfc_fieldData,2022,BARR,BARR_004,BARR_004.basePlot.cfc,distributed,TN1TQAl40/tUlQ+Lfmu4AWrWc6Iv3GpIhvHRBMVnwCI=,A00000349358,1,NA,NA,NA,NA,NA,NA,2022,2022,NA,NA,NA,NA,NA,NA,NA,NA,NA,NA,NA,NA,NA,NA,NA,NA,NA,NA,NA,NA,NA,NA,NA,NA,NA,NA,NA,NA,NA,NA,NA,NA,NA,NA,NA,NA,NA,NA,NA,NA,NA,NA,NA,NA,NA,NA,31_400,NA,OK,NA,NA,71.241422,-156.502856,20,6.3,0.01,66,2,0.5,55,NA,NA,NA,decimalDegree,decimalDegree,meter,meter,meter,NA,meter,meter,percent,meter,meter,meter,NA,NA,NA,NA,NA,NA,NA,NA,NA,NA,NA,NA,NA,NA
DP1.10026.001,BARR,cfc_fieldData,2022,BARR,BARR_006,BARR_006.basePlot.cfc,distributed,TN1TQAl40/vs6dka0vUsZZjqrIbY6rR7ov13X+8d2xU=,A00000349345,1,NA,NA,NA,NA,NA,NA,2022,2022,NA,NA,NA,NA,NA,NA,NA,NA,NA,NA,NA,NA,NA,NA,NA,NA,NA,NA,NA,NA,NA,NA,NA,NA,NA,NA,NA,NA,NA,NA,NA,NA,NA,NA,NA,NA,NA,NA,NA,NA,NA,NA,NA,NA,NA,NA,31_400,NA,OK,NA,NA,71.258067,-156.602012,20,7.9,0.03,135,2,0.1,88,NA,NA,NA,decimalDegree,decimalDegree,meter,meter,meter,NA,meter,meter,percent,meter,meter,meter,NA,NA,NA,NA,NA,NA,NA,NA,NA,NA,NA,NA,NA,NA
DP1.10026.001,BARR,cfc_fieldData,2022,BARR,BARR_007,BARR_007.basePlot.cfc,distributed,TN1TQAl40/uovFJwr6HcovMNF59+jaORcyfSa7CIuxQ=,A00000349331,1,NA,NA,NA,NA,NA,NA,2022,2022,NA,NA,NA,NA,NA,NA,NA,NA,NA,NA,NA,NA,NA,NA,NA,NA,NA,NA,NA,NA,NA,NA,NA,NA,NA,NA,NA,NA,NA,NA,NA,NA,NA,NA,NA,NA,NA,NA,NA,NA,NA,NA,NA,NA,NA,NA,31_400,NA,OK,NA,NA,71.259634,-156.495507,20,4.1,0.01,19,2,0.1,40,NA,NA,NA,decimalDegree,decimalDegree,meter,meter,meter,NA,meter,meter,percent,meter,meter,meter,NA,NA,NA,NA,NA,NA,NA,NA,NA,NA,NA,NA,NA,NA
DP1.10026.001,BARR,cfc_fieldData,2022,BARR,BARR_008,BARR_008.basePlot.cfc,distributed,TN1TQAl40/t5vglrnm9Mr62329N+eC4tlnqcjAJMAgo=,A00000349327,1,NA,NA,NA,NA,NA,NA,2022,2022,NA,NA,NA,NA,NA,NA,NA,NA,NA,NA,NA,NA,NA,NA,NA,NA,NA,NA,NA,NA,NA,NA,NA,NA,NA,NA,NA,NA,NA,NA,NA,NA,NA,NA,NA,NA,NA,NA,NA,NA,NA,NA,NA,NA,NA,NA,31_400,NA,OK,NA,NA,71.251783,-156.451332,20.1,5,0.1,197,2,0.5,45,NA,NA,NA,decimalDegree,decimalDegree,meter,meter,meter,NA,meter,meter,percent,meter,meter,meter,NA,NA,NA,NA,NA,NA,NA,NA,NA,NA,NA,NA,NA,NA
DP1.10026.001,BARR,cfc_fieldData,2022,BARR,BARR_009,BARR_009.basePlot.cfc,distributed,TN1TQAl40/uqpVfkODdhLAh1GqXaQyAdZjgD+nZvrVw=,A00000349357,1,NA,NA,NA,NA,NA,NA,2022,2022,NA,NA,NA,NA,NA,NA,NA,NA,NA,NA,NA,NA,NA,NA,NA,NA,NA,NA,NA,NA,NA,NA,NA,NA,NA,NA,NA,NA,NA,NA,NA,NA,NA,NA,NA,NA,NA,NA,NA,NA,NA,NA,NA,NA,NA,NA,31_400,NA,OK,NA,NA,71.289227,-156.618318,20,5.3,0.01,149,2,0.5,87,NA,NA,NA,decimalDegree,decimalDegree,meter,meter,meter,NA,meter,meter,percent,meter,meter,meter,NA,NA,NA,NA,NA,NA,NA,NA,NA,NA,NA,NA,NA,NA
DP1.10026.001,BARR,cfc_fieldData,2022,BARR,BARR_011,BARR_011.basePlot.cfc,distributed,TN1TQAl40/tyHYgMn9YmcP1hNBO6LEG9+ptMMnWyb24=,A00000349330,1,NA,NA,NA,NA,NA,NA,2022,2022,NA,NA,NA,NA,NA,NA,NA,NA,NA,NA,NA,NA,NA,NA,NA,NA,NA,NA,NA,NA,NA,NA,NA,NA,NA,NA,NA,NA,NA,NA,NA,NA,NA,NA,NA,NA,NA,NA,NA,NA,NA,NA,NA,NA,NA,NA,31_400,NA,OK,NA,NA,71.30303,-156.623332,20,3.5,0.04,197,2,0.1,50,NA,NA,NA,decimalDegree,decimalDegree,meter,meter,meter,NA,meter,meter,percent,meter,meter,meter,NA,NA,NA,NA,NA,NA,NA,NA,NA,NA,NA,NA,NA,NA
DP1.10026.001,BARR,cfc_fieldData,2022,BARR,BARR_013,BARR_013.basePlot.cfc,distributed,TN1TQAl40/uSwIilM+BaXzQHgi1JM9mOlXKgXIOfADg=,A00000349312,1,NA,NA,NA,NA,NA,NA,2022,2022,NA,NA,NA,NA,NA,NA,NA,NA,NA,NA,NA,NA,NA,NA,NA,NA,NA,NA,NA,NA,NA,NA,NA,NA,NA,NA,NA,NA,NA,NA,NA,NA,NA,NA,NA,NA,NA,NA,NA,NA,NA,NA,NA,NA,NA,NA,31_400,NA,OK,NA,NA,71.265929,-156.606092,20,5.9,0.01,26,2,0.1,67,NA,NA,NA,decimalDegree,decimalDegree,meter,meter,meter,NA,meter,meter,percent,meter,meter,meter,NA,NA,NA,NA,NA,NA,NA,NA,NA,NA,NA,NA,NA,NA
DP1.10026.001,BARR,cfc_fieldData,2022,BARR,BARR_014,BARR_014.basePlot.cfc,distributed,TN1TQAl40/vkUREDaN0DgbD1lpx6G23xHj3RFKwcoA0=,A00000349359,1,NA,NA,NA,NA,NA,NA,2022,2022,NA,NA,NA,NA,NA,NA,NA,NA,NA,NA,NA,NA,NA,NA,NA,NA,NA,NA,NA,NA,NA,NA,NA,NA,NA,NA,NA,NA,NA,NA,NA,NA,NA,NA,NA,NA,NA,NA,NA,NA,NA,NA,NA,NA,NA,NA,31_400,NA,OK,NA,NA,71.298765,-156.648196,20.1,4.1,0.16,151,2,0.5,85,NA,NA,NA,decimalDegree,decimalDegree,meter,meter,meter,NA,meter,meter,percent,meter,meter,meter,NA,NA,NA,NA,NA,NA,NA,NA,NA,NA,NA,NA,NA,NA
DP1.10026.001,BARR,cfc_fieldData,2022,BARR,BARR_015,BARR_015.basePlot.cfc,distributed,TN1TQAl40/sB+d9UYqY0n5SzmRzSg575JKl84e9jPnc=,A00000349341,1,NA,NA,NA,NA,NA,NA,2022,2022,NA,NA,NA,NA,NA,NA,NA,NA,NA,NA,NA,NA,NA,NA,NA,NA,NA,NA,NA,NA,NA,NA,NA,NA,NA,NA,NA,NA,NA,NA,NA,NA,NA,NA,NA,NA,NA,NA,NA,NA,NA,NA,NA,NA,NA,NA,31_400,NA,OK,NA,NA,71.267253,-156.562377,20,5.9,0.02,155,2,0.1,63,NA,NA,NA,decimalDegree,decimalDegree,meter,meter,meter,NA,meter,meter,percent,meter,meter,meter,NA,NA,NA,NA,NA,NA,NA,NA,NA,NA,NA,NA,NA,NA
DP1.10026.001,BARR,cfc_fieldData,2022,BARR,BARR_016,BARR_016.basePlot.cfc,distributed,TN1TQAl40/vGDEGwGaeW20XbFsp0mauRk6h8L2x2Gdg=,A00000349325,1,NA,NA,NA,NA,NA,NA,2022,2022,NA,NA,NA,NA,NA,NA,NA,NA,NA,NA,NA,NA,NA,NA,NA,NA,NA,NA,NA,NA,NA,NA,NA,NA,NA,NA,NA,NA,NA,NA,NA,NA,NA,NA,NA,NA,NA,NA,NA,NA,NA,NA,NA,NA,NA,NA,31_400,NA,OK,NA,NA,71.246041,-156.50481,20,5.6,0.01,67,2,0.1,61,NA,NA,NA,decimalDegree,decimalDegree,meter,meter,meter,NA,meter,meter,percent,meter,meter,meter,NA,NA,NA,NA,NA,NA,NA,NA,NA,NA,NA,NA,NA,NA
DP1.10026.001,BARR,cfc_fieldData,2022,BARR,BARR_017,BARR_017.basePlot.cfc,distributed,TN1TQAl40/v5a6n6GQA9zFQbBMzjJeXD6foPJDvYJZE=,A00000349376,1,NA,NA,NA,NA,NA,NA,2022,2022,NA,NA,NA,NA,NA,NA,NA,NA,NA,NA,NA,NA,NA,NA,NA,NA,NA,NA,NA,NA,NA,NA,NA,NA,NA,NA,NA,NA,NA,NA,NA,NA,NA,NA,NA,NA,NA,NA,NA,NA,NA,NA,NA,NA,NA,NA,31_400,NA,OK,NA,NA,71.244828,-156.434658,20.1,6,0.1,65,2,0.1,68,NA,NA,NA,decimalDegree,decimalDegree,meter,meter,meter,NA,meter,meter,percent,meter,meter,meter,NA,NA,NA,NA,NA,NA,NA,NA,NA,NA,NA,NA,NA,NA
DP1.10026.001,BARR,cfc_fieldData,2022,BARR,BARR_021,BARR_021.basePlot.cfc,distributed,TN1TQAl40/s7xeUhBKt6OhkNFhetsQidMDYwQw/jEV8=,A00000349374,1,NA,NA,NA,NA,NA,NA,2022,2022,NA,NA,NA,NA,NA,NA,NA,NA,NA,NA,NA,NA,NA,NA,NA,NA,NA,NA,NA,NA,NA,NA,NA,NA,NA,NA,NA,NA,NA,NA,NA,NA,NA,NA,NA,NA,NA,NA,NA,NA,NA,NA,NA,NA,NA,NA,31_400,NA,OK,NA,NA,71.2558,-156.5504,20,5.6,0.01,178,2,0.1,55,NA,NA,NA,decimalDegree,decimalDegree,meter,meter,meter,NA,meter,meter,percent,meter,meter,meter,NA,NA,NA,NA,NA,NA,NA,NA,NA,NA,NA,NA,NA,NA
DP1.10026.001,BARR,cfc_fieldData,2022,BARR,BARR_024,BARR_024.basePlot.cfc,distributed,TN1TQAl40/tuav5tsd9+KHxJ7HPMNOn6YWTozWOxLzU=,A00000349377,1,NA,NA,NA,NA,NA,NA,2022,2022,NA,NA,NA,NA,NA,NA,NA,NA,NA,NA,NA,NA,NA,NA,NA,NA,NA,NA,NA,NA,NA,NA,NA,NA,NA,NA,NA,NA,NA,NA,NA,NA,NA,NA,NA,NA,NA,NA,NA,NA,NA,NA,NA,NA,NA,NA,31_400,NA,OK,NA,NA,71.306198,-156.639765,20,4,0.02,115,2,0.1,95,NA,NA,NA,decimalDegree,decimalDegree,meter,meter,meter,NA,meter,meter,percent,meter,meter,meter,NA,NA,NA,NA,NA,NA,NA,NA,NA,NA,NA,NA,NA,NA
DP1.10026.001,BARR,cfc_fieldData,2022,BARR,BARR_051,BARR_051.basePlot.cfc,tower,TN1TQAl40/vcB2Ec91NqfJVubm+7apHMGohFPYedunA=,A00000349373,1,NA,NA,NA,NA,NA,NA,2022,2022,NA,NA,NA,NA,NA,NA,NA,NA,NA,NA,NA,NA,NA,NA,NA,NA,NA,NA,NA,NA,NA,NA,NA,NA,NA,NA,NA,NA,NA,NA,NA,NA,NA,NA,NA,NA,NA,NA,NA,NA,NA,NA,NA,NA,NA,NA,31_400,NA,OK,NA,NA,71.285604,-156.607878,20,5.3,0.01,115,2,0.5,36,NA,NA,NA,decimalDegree,decimalDegree,meter,meter,meter,NA,meter,meter,percent,meter,meter,meter,NA,NA,NA,NA,NA,NA,NA,NA,NA,NA,NA,NA,NA,NA
DP1.10026.001,BARR,cfc_fieldData,2022,BARR,BARR_052,BARR_052.basePlot.cfc,tower,TN1TQAl40/uXOsNBlNapeJzoQd69lZ9O5aycK4QqKCE=,A00000349309,1,NA,NA,NA,NA,NA,NA,2022,2022,NA,NA,NA,NA,NA,NA,NA,NA,NA,NA,NA,NA,NA,NA,NA,NA,NA,NA,NA,NA,NA,NA,NA,NA,NA,NA,NA,NA,NA,NA,NA,NA,NA,NA,NA,NA,NA,NA,NA,NA,NA,NA,NA,NA,NA,NA,31_400,NA,OK,NA,NA,71.281336,-156.603652,20,5.4,0.03,81,2,0.5,42,NA,NA,NA,decimalDegree,decimalDegree,meter,meter,meter,NA,meter,meter,percent,meter,meter,meter,NA,NA,NA,NA,NA,NA,NA,NA,NA,NA,NA,NA,NA,NA
DP1.10026.001,BARR,cfc_fieldData,2022,BARR,BARR_053,BARR_053.basePlot.cfc,tower,TN1TQAl40/t21cP1BVrMyXRY7cVaXOQWsXydI3J/3Jg=,A00000349360,1,NA,NA,NA,NA,NA,NA,2022,2022,NA,NA,NA,NA,NA,NA,NA,NA,NA,NA,NA,NA,NA,NA,NA,NA,NA,NA,NA,NA,NA,NA,NA,NA,NA,NA,NA,NA,NA,NA,NA,NA,NA,NA,NA,NA,NA,NA,NA,NA,NA,NA,NA,NA,NA,NA,31_400,NA,OK,NA,NA,71.285301,-156.605382,20,5.5,0.02,6,2,0.5,60,NA,NA,NA,decimalDegree,decimalDegree,meter,meter,meter,NA,meter,meter,percent,meter,meter,meter,NA,NA,NA,NA,NA,NA,NA,NA,NA,NA,NA,NA,NA,NA
DP1.10026.001,BARR,cfc_fieldData,2022,BARR,BARR_054,BARR_054.basePlot.cfc,tower,TN1TQAl40/vZeRSBmDuJklpjLtn71qk6KsOFQV8ykAo=,A00000349342,1,NA,NA,NA,NA,NA,NA,2022,2022,NA,NA,NA,NA,NA,NA,NA,NA,NA,NA,NA,NA,NA,NA,NA,NA,NA,NA,NA,NA,NA,NA,NA,NA,NA,NA,NA,NA,NA,NA,NA,NA,NA,NA,NA,NA,NA,NA,NA,NA,NA,NA,NA,NA,NA,NA,31_400,NA,OK,NA,NA,71.280858,-156.636941,20,6,0.01,143,2,0.5,73,NA,NA,NA,decimalDegree,decimalDegree,meter,meter,meter,NA,meter,meter,percent,meter,meter,meter,NA,NA,NA,NA,NA,NA,NA,NA,NA,NA,NA,NA,NA,NA
DP1.10026.001,BARR,cfc_lignin,2022,BARR,BARR_001,BARR_001.basePlot.cfc,distributed,TN1TQAl40/t4cMzFe84HKwWFXWd0bkey+iOGgGJBl0o=,A00000349375,1,NA,NA,NA,NA,NA,1,2022,2022,NA,NA,NA,NA,NA,number,NA,NA,NA,NA,NA,NA,NA,NA,NA,NA,NA,NA,NA,NA,NA,NA,0.496,NA,NA,NA,NA,NA,NA,NA,NA,NA,NA,NA,gram,NA,NA,NA,NA,NA,NA,NA,NA,NA,NA,NA,NA,NA,NA,NA,NA,NA,NA,NA,NA,NA,NA,NA,NA,NA,NA,NA,NA,NA,NA,NA,NA,NA,NA,NA,NA,NA,NA,NA,NA,2.63,29.12,percent,percent,NA,NA,NA,NA,NA,NA,NA,NA,NA,NA
DP1.10026.001,BARR,cfc_lignin,2022,BARR,BARR_002,BARR_002.basePlot.cfc,distributed,TN1TQAl40/vqyPfKxP0qWrPjgXK1s71DDOrOHpicakU=,A00000349362,1,NA,NA,NA,NA,NA,1,2022,2022,NA,NA,NA,NA,NA,number,NA,NA,NA,NA,NA,NA,NA,NA,NA,NA,NA,NA,NA,NA,NA,NA,0.469,NA,NA,NA,NA,NA,NA,NA,NA,NA,NA,NA,gram,NA,NA,NA,NA,NA,NA,NA,NA,NA,NA,NA,NA,NA,NA,NA,NA,NA,NA,NA,NA,NA,NA,NA,NA,NA,NA,NA,NA,NA,NA,NA,NA,NA,NA,NA,NA,NA,NA,NA,NA,4.59,23.55,percent,percent,NA,NA,NA,NA,NA,NA,NA,NA,NA,NA
DP1.10026.001,BARR,cfc_lignin,2022,BARR,BARR_003,BARR_003.basePlot.cfc,distributed,TN1TQAl40/t7xtGQseCUH/XCJ4qfIg2CpTR6cazlEb0=,A00000349314,1,NA,NA,NA,NA,NA,1,2022,2022,NA,NA,NA,NA,NA,number,NA,NA,NA,NA,NA,NA,NA,NA,NA,NA,NA,NA,NA,NA,NA,NA,0.491,NA,NA,NA,NA,NA,NA,NA,NA,NA,NA,NA,gram,NA,NA,NA,NA,NA,NA,NA,NA,NA,NA,NA,NA,NA,NA,NA,NA,NA,NA,NA,NA,NA,NA,NA,NA,NA,NA,NA,NA,NA,NA,NA,NA,NA,NA,NA,NA,NA,NA,NA,NA,2,22.65,percent,percent,NA,NA,NA,NA,NA,NA,NA,NA,NA,NA
DP1.10026.001,BARR,cfc_lignin,2022,BARR,BARR_004,BARR_004.basePlot.cfc,distributed,TN1TQAl40/tUlQ+Lfmu4AWrWc6Iv3GpIhvHRBMVnwCI=,A00000349358,1,NA,NA,NA,NA,NA,1,2022,2022,NA,NA,NA,NA,NA,number,NA,NA,NA,NA,NA,NA,NA,NA,NA,NA,NA,NA,NA,NA,NA,NA,0.489,NA,NA,NA,NA,NA,NA,NA,NA,NA,NA,NA,gram,NA,NA,NA,NA,NA,NA,NA,NA,NA,NA,NA,NA,NA,NA,NA,NA,NA,NA,NA,NA,NA,NA,NA,NA,NA,NA,NA,NA,NA,NA,NA,NA,NA,NA,NA,NA,NA,NA,NA,NA,13.61,21.32,percent,percent,NA,NA,NA,NA,NA,NA,NA,NA,NA,NA
DP1.10026.001,BARR,cfc_lignin,2022,BARR,BARR_006,BARR_006.basePlot.cfc,distributed,TN1TQAl40/vs6dka0vUsZZjqrIbY6rR7ov13X+8d2xU=,A00000349345,1,NA,NA,NA,NA,NA,1,2022,2022,NA,NA,NA,NA,NA,number,NA,NA,NA,NA,NA,NA,NA,NA,NA,NA,NA,NA,NA,NA,NA,NA,0.473,NA,NA,NA,NA,NA,NA,NA,NA,NA,NA,NA,gram,NA,NA,NA,NA,NA,NA,NA,NA,NA,NA,NA,NA,NA,NA,NA,NA,NA,NA,NA,NA,NA,NA,NA,NA,NA,NA,NA,NA,NA,NA,NA,NA,NA,NA,NA,NA,NA,NA,NA,NA,4.8,27.03,percent,percent,NA,NA,NA,NA,NA,NA,NA,NA,NA,NA
DP1.10026.001,BARR,cfc_lignin,2022,BARR,BARR_007,BARR_007.basePlot.cfc,distributed,TN1TQAl40/uovFJwr6HcovMNF59+jaORcyfSa7CIuxQ=,A00000349331,1,NA,NA,NA,NA,NA,1,2022,2022,NA,NA,NA,NA,NA,number,NA,NA,NA,NA,NA,NA,NA,NA,NA,NA,NA,NA,NA,NA,NA,NA,0.495,NA,NA,NA,NA,NA,NA,NA,NA,NA,NA,NA,gram,NA,NA,NA,NA,NA,NA,NA,NA,NA,NA,NA,NA,NA,NA,NA,NA,NA,NA,NA,NA,NA,NA,NA,NA,NA,NA,NA,NA,NA,NA,NA,NA,NA,NA,NA,NA,NA,NA,NA,NA,5.17,25.61,percent,percent,NA,NA,NA,NA,NA,NA,NA,NA,NA,NA
DP1.10026.001,BARR,cfc_lignin,2022,BARR,BARR_008,BARR_008.basePlot.cfc,distributed,TN1TQAl40/t5vglrnm9Mr62329N+eC4tlnqcjAJMAgo=,A00000349327,1,NA,NA,NA,NA,NA,1,2022,2022,NA,NA,NA,NA,NA,number,NA,NA,NA,NA,NA,NA,NA,NA,NA,NA,NA,NA,NA,NA,NA,NA,0.467,NA,NA,NA,NA,NA,NA,NA,NA,NA,NA,NA,gram,NA,NA,NA,NA,NA,NA,NA,NA,NA,NA,NA,NA,NA,NA,NA,NA,NA,NA,NA,NA,NA,NA,NA,NA,NA,NA,NA,NA,NA,NA,NA,NA,NA,NA,NA,NA,NA,NA,NA,NA,6.75,28.58,percent,percent,NA,NA,NA,NA,NA,NA,NA,NA,NA,NA
DP1.10026.001,BARR,cfc_lignin,2022,BARR,BARR_009,BARR_009.basePlot.cfc,distributed,TN1TQAl40/uqpVfkODdhLAh1GqXaQyAdZjgD+nZvrVw=,A00000349357,1,NA,NA,NA,NA,NA,1,2022,2022,NA,NA,NA,NA,NA,number,NA,NA,NA,NA,NA,NA,NA,NA,NA,NA,NA,NA,NA,NA,NA,NA,0.481,NA,NA,NA,NA,NA,NA,NA,NA,NA,NA,NA,gram,NA,NA,NA,NA,NA,NA,NA,NA,NA,NA,NA,NA,NA,NA,NA,NA,NA,NA,NA,NA,NA,NA,NA,NA,NA,NA,NA,NA,NA,NA,NA,NA,NA,NA,NA,NA,NA,NA,NA,NA,6.2,23.83,percent,percent,NA,NA,NA,NA,NA,NA,NA,NA,NA,NA
DP1.10026.001,BARR,cfc_lignin,2022,BARR,BARR_011,BARR_011.basePlot.cfc,distributed,TN1TQAl40/tyHYgMn9YmcP1hNBO6LEG9+ptMMnWyb24=,A00000349330,1,NA,NA,NA,NA,NA,1,2022,2022,NA,NA,NA,NA,NA,number,NA,NA,NA,NA,NA,NA,NA,NA,NA,NA,NA,NA,NA,NA,NA,NA,0.467,NA,NA,NA,NA,NA,NA,NA,NA,NA,NA,NA,gram,NA,NA,NA,NA,NA,NA,NA,NA,NA,NA,NA,NA,NA,NA,NA,NA,NA,NA,NA,NA,NA,NA,NA,NA,NA,NA,NA,NA,NA,NA,NA,NA,NA,NA,NA,NA,NA,NA,NA,NA,4.26,29.57,percent,percent,NA,NA,NA,NA,NA,NA,NA,NA,NA,NA
DP1.10026.001,BARR,cfc_lignin,2022,BARR,BARR_013,BARR_013.basePlot.cfc,distributed,TN1TQAl40/uSwIilM+BaXzQHgi1JM9mOlXKgXIOfADg=,A00000349312,1,NA,NA,NA,NA,NA,1,2022,2022,NA,NA,NA,NA,NA,number,NA,NA,NA,NA,NA,NA,NA,NA,NA,NA,NA,NA,NA,NA,NA,NA,0.482,NA,NA,NA,NA,NA,NA,NA,NA,NA,NA,NA,gram,NA,NA,NA,NA,NA,NA,NA,NA,NA,NA,NA,NA,NA,NA,NA,NA,NA,NA,NA,NA,NA,NA,NA,NA,NA,NA,NA,NA,NA,NA,NA,NA,NA,NA,NA,NA,NA,NA,NA,NA,6.74,23.16,percent,percent,NA,NA,NA,NA,NA,NA,NA,NA,NA,NA
DP1.10026.001,BARR,cfc_lignin,2022,BARR,BARR_014,BARR_014.basePlot.cfc,distributed,TN1TQAl40/vkUREDaN0DgbD1lpx6G23xHj3RFKwcoA0=,A00000349359,1,NA,NA,NA,NA,NA,1,2022,2022,NA,NA,NA,NA,NA,number,NA,NA,NA,NA,NA,NA,NA,NA,NA,NA,NA,NA,NA,NA,NA,NA,0.471,NA,NA,NA,NA,NA,NA,NA,NA,NA,NA,NA,gram,NA,NA,NA,NA,NA,NA,NA,NA,NA,NA,NA,NA,NA,NA,NA,NA,NA,NA,NA,NA,NA,NA,NA,NA,NA,NA,NA,NA,NA,NA,NA,NA,NA,NA,NA,NA,NA,NA,NA,NA,7.86,27.01,percent,percent,NA,NA,NA,NA,NA,NA,NA,NA,NA,NA
DP1.10026.001,BARR,cfc_lignin,2022,BARR,BARR_015,BARR_015.basePlot.cfc,distributed,TN1TQAl40/sB+d9UYqY0n5SzmRzSg575JKl84e9jPnc=,A00000349341,1,NA,NA,NA,NA,NA,1,2022,2022,NA,NA,NA,NA,NA,number,NA,NA,NA,NA,NA,NA,NA,NA,NA,NA,NA,NA,NA,NA,NA,NA,0.44,NA,NA,NA,NA,NA,NA,NA,NA,NA,NA,NA,gram,NA,NA,NA,NA,NA,NA,NA,NA,NA,NA,NA,NA,NA,NA,NA,NA,NA,NA,NA,NA,NA,NA,NA,NA,NA,NA,NA,NA,NA,NA,NA,NA,NA,NA,NA,NA,NA,NA,NA,NA,5.15,21.82,percent,percent,NA,NA,NA,NA,NA,NA,NA,NA,NA,NA
DP1.10026.001,BARR,cfc_lignin,2022,BARR,BARR_016,BARR_016.basePlot.cfc,distributed,TN1TQAl40/vGDEGwGaeW20XbFsp0mauRk6h8L2x2Gdg=,A00000349325,1,NA,NA,NA,NA,NA,1,2022,2022,NA,NA,NA,NA,NA,number,NA,NA,NA,NA,NA,NA,NA,NA,NA,NA,NA,NA,NA,NA,NA,NA,0.46,NA,NA,NA,NA,NA,NA,NA,NA,NA,NA,NA,gram,NA,NA,NA,NA,NA,NA,NA,NA,NA,NA,NA,NA,NA,NA,NA,NA,NA,NA,NA,NA,NA,NA,NA,NA,NA,NA,NA,NA,NA,NA,NA,NA,NA,NA,NA,NA,NA,NA,NA,NA,4.11,24.79,percent,percent,NA,NA,NA,NA,NA,NA,NA,NA,NA,NA
DP1.10026.001,BARR,cfc_lignin,2022,BARR,BARR_017,BARR_017.basePlot.cfc,distributed,TN1TQAl40/v5a6n6GQA9zFQbBMzjJeXD6foPJDvYJZE=,A00000349376,1,NA,NA,NA,NA,NA,1,2022,2022,NA,NA,NA,NA,NA,number,NA,NA,NA,NA,NA,NA,NA,NA,NA,NA,NA,NA,NA,NA,NA,NA,0.461,NA,NA,NA,NA,NA,NA,NA,NA,NA,NA,NA,gram,NA,NA,NA,NA,NA,NA,NA,NA,NA,NA,NA,NA,NA,NA,NA,NA,NA,NA,NA,NA,NA,NA,NA,NA,NA,NA,NA,NA,NA,NA,NA,NA,NA,NA,NA,NA,NA,NA,NA,NA,8.09,23.89,percent,percent,NA,NA,NA,NA,NA,NA,NA,NA,NA,NA
DP1.10026.001,BARR,cfc_lignin,2022,BARR,BARR_021,BARR_021.basePlot.cfc,distributed,TN1TQAl40/s7xeUhBKt6OhkNFhetsQidMDYwQw/jEV8=,A00000349374,1,NA,NA,NA,NA,NA,1,2022,2022,NA,NA,NA,NA,NA,number,NA,NA,NA,NA,NA,NA,NA,NA,NA,NA,NA,NA,NA,NA,NA,NA,0.493,NA,NA,NA,NA,NA,NA,NA,NA,NA,NA,NA,gram,NA,NA,NA,NA,NA,NA,NA,NA,NA,NA,NA,NA,NA,NA,NA,NA,NA,NA,NA,NA,NA,NA,NA,NA,NA,NA,NA,NA,NA,NA,NA,NA,NA,NA,NA,NA,NA,NA,NA,NA,3.06,23.32,percent,percent,NA,NA,NA,NA,NA,NA,NA,NA,NA,NA
DP1.10026.001,BARR,cfc_lignin,2022,BARR,BARR_024,BARR_024.basePlot.cfc,distributed,TN1TQAl40/tuav5tsd9+KHxJ7HPMNOn6YWTozWOxLzU=,A00000349377,1,NA,NA,NA,NA,NA,1,2022,2022,NA,NA,NA,NA,NA,number,NA,NA,NA,NA,NA,NA,NA,NA,NA,NA,NA,NA,NA,NA,NA,NA,0.474,NA,NA,NA,NA,NA,NA,NA,NA,NA,NA,NA,gram,NA,NA,NA,NA,NA,NA,NA,NA,NA,NA,NA,NA,NA,NA,NA,NA,NA,NA,NA,NA,NA,NA,NA,NA,NA,NA,NA,NA,NA,NA,NA,NA,NA,NA,NA,NA,NA,NA,NA,NA,6.04,25.74,percent,percent,NA,NA,NA,NA,NA,NA,NA,NA,NA,NA
DP1.10026.001,BARR,cfc_lignin,2022,BARR,BARR_051,BARR_051.basePlot.cfc,tower,TN1TQAl40/vcB2Ec91NqfJVubm+7apHMGohFPYedunA=,A00000349373,1,NA,NA,NA,NA,NA,1,2022,2022,NA,NA,NA,NA,NA,number,NA,NA,NA,NA,NA,NA,NA,NA,NA,NA,NA,NA,NA,NA,NA,NA,0.485,NA,NA,NA,NA,NA,NA,NA,NA,NA,NA,NA,gram,NA,NA,NA,NA,NA,NA,NA,NA,NA,NA,NA,NA,NA,NA,NA,NA,NA,NA,NA,NA,NA,NA,NA,NA,NA,NA,NA,NA,NA,NA,NA,NA,NA,NA,NA,NA,NA,NA,NA,NA,5.05,21.5,percent,percent,NA,NA,NA,NA,NA,NA,NA,NA,NA,NA
DP1.10026.001,BARR,cfc_lignin,2022,BARR,BARR_052,BARR_052.basePlot.cfc,tower,TN1TQAl40/uXOsNBlNapeJzoQd69lZ9O5aycK4QqKCE=,A00000349309,1,NA,NA,NA,NA,NA,1,2022,2022,NA,NA,NA,NA,NA,number,NA,NA,NA,NA,NA,NA,NA,NA,NA,NA,NA,NA,NA,NA,NA,NA,0.493,NA,NA,NA,NA,NA,NA,NA,NA,NA,NA,NA,gram,NA,NA,NA,NA,NA,NA,NA,NA,NA,NA,NA,NA,NA,NA,NA,NA,NA,NA,NA,NA,NA,NA,NA,NA,NA,NA,NA,NA,NA,NA,NA,NA,NA,NA,NA,NA,NA,NA,NA,NA,3.42,21.24,percent,percent,NA,NA,NA,NA,NA,NA,NA,NA,NA,NA
DP1.10026.001,BARR,cfc_lignin,2022,BARR,BARR_053,BARR_053.basePlot.cfc,tower,TN1TQAl40/t21cP1BVrMyXRY7cVaXOQWsXydI3J/3Jg=,A00000349360,1,NA,NA,NA,NA,NA,1,2022,2022,NA,NA,NA,NA,NA,number,NA,NA,NA,NA,NA,NA,NA,NA,NA,NA,NA,NA,NA,NA,NA,NA,0.467,NA,NA,NA,NA,NA,NA,NA,NA,NA,NA,NA,gram,NA,NA,NA,NA,NA,NA,NA,NA,NA,NA,NA,NA,NA,NA,NA,NA,NA,NA,NA,NA,NA,NA,NA,NA,NA,NA,NA,NA,NA,NA,NA,NA,NA,NA,NA,NA,NA,NA,NA,NA,5.26,26.19,percent,percent,NA,NA,NA,NA,NA,NA,NA,NA,NA,NA
DP1.10026.001,BARR,cfc_lignin,2022,BARR,BARR_054,BARR_054.basePlot.cfc,tower,TN1TQAl40/vZeRSBmDuJklpjLtn71qk6KsOFQV8ykAo=,A00000349342,1,NA,NA,NA,NA,NA,1,2022,2022,NA,NA,NA,NA,NA,number,NA,NA,NA,NA,NA,NA,NA,NA,NA,NA,NA,NA,NA,NA,NA,NA,0.483,NA,NA,NA,NA,NA,NA,NA,NA,NA,NA,NA,gram,NA,NA,NA,NA,NA,NA,NA,NA,NA,NA,NA,NA,NA,NA,NA,NA,NA,NA,NA,NA,NA,NA,NA,NA,NA,NA,NA,NA,NA,NA,NA,NA,NA,NA,NA,NA,NA,NA,NA,NA,3.18,22.52,percent,percent,NA,NA,NA,NA,NA,NA,NA,NA,NA,NA
DP1.10026.001,BARR,cfc_LMA,2022,BARR,NA,BARR_001.basePlot.cfc,distributed,TN1TQAl40/t4cMzFe84HKwWFXWd0bkey+iOGgGJBl0o=,A00000349375,1,NA,NA,NA,NA,NA,NA,2022,2022,NA,NA,NA,NA,NA,NA,NA,NA,NA,NA,NA,0.539,NA,NA,NA,NA,NA,gram,NA,NA,NA,NA,0.191,NA,NA,NA,NA,NA,NA,NA,NA,NA,NA,NA,gram,NA,NA,NA,NA,NA,NA,NA,NA,NA,NA,NA,NA,NA,NA,NA,NA,NA,NA,NA,NA,NA,NA,NA,NA,NA,NA,NA,NA,NA,NA,NA,NA,NA,NA,NA,NA,NA,NA,NA,NA,NA,NA,NA,NA,17,2649,100,72.1,0.354,number,squareMillimeter,percent,gramsPerSquareMeter,NA
DP1.10026.001,BARR,cfc_LMA,2022,BARR,NA,BARR_002.basePlot.cfc,distributed,TN1TQAl40/vqyPfKxP0qWrPjgXK1s71DDOrOHpicakU=,A00000349362,1,NA,NA,NA,NA,NA,NA,2022,2022,NA,NA,NA,NA,NA,NA,NA,NA,NA,NA,NA,1.332,NA,NA,NA,NA,NA,gram,NA,NA,NA,NA,0.281,NA,NA,NA,NA,NA,NA,NA,NA,NA,NA,NA,gram,NA,NA,NA,NA,NA,NA,NA,NA,NA,NA,NA,NA,NA,NA,NA,NA,NA,NA,NA,NA,NA,NA,NA,NA,NA,NA,NA,NA,NA,NA,NA,NA,NA,NA,NA,NA,NA,NA,NA,NA,NA,NA,NA,NA,17,5175,99,54.3,0.211,number,squareMillimeter,percent,gramsPerSquareMeter,NA
DP1.10026.001,BARR,cfc_LMA,2022,BARR,NA,BARR_003.basePlot.cfc,distributed,TN1TQAl40/t7xtGQseCUH/XCJ4qfIg2CpTR6cazlEb0=,A00000349314,1,NA,NA,NA,NA,NA,NA,2022,2022,NA,NA,NA,NA,NA,NA,NA,NA,NA,NA,NA,1.209,NA,NA,NA,NA,NA,gram,NA,NA,NA,NA,0.322,NA,NA,NA,NA,NA,NA,NA,NA,NA,NA,NA,gram,NA,NA,NA,NA,NA,NA,NA,NA,NA,NA,NA,NA,NA,NA,NA,NA,NA,NA,NA,NA,NA,NA,NA,NA,NA,NA,NA,NA,NA,NA,NA,NA,NA,NA,NA,NA,NA,NA,NA,NA,NA,NA,NA,NA,14,6345,100,50.7,0.266,number,squareMillimeter,percent,gramsPerSquareMeter,NA
DP1.10026.001,BARR,cfc_LMA,2022,BARR,NA,BARR_004.basePlot.cfc,distributed,TN1TQAl40/tUlQ+Lfmu4AWrWc6Iv3GpIhvHRBMVnwCI=,A00000349358,1,NA,NA,NA,NA,NA,NA,2022,2022,NA,NA,NA,NA,NA,NA,NA,NA,NA,NA,NA,1.692,NA,NA,NA,NA,NA,gram,NA,NA,NA,NA,0.416,NA,NA,NA,NA,NA,NA,NA,NA,NA,NA,NA,gram,NA,NA,NA,NA,NA,NA,NA,NA,NA,NA,NA,NA,NA,NA,NA,NA,NA,NA,NA,NA,NA,NA,NA,NA,NA,NA,NA,NA,NA,NA,NA,NA,NA,NA,NA,NA,NA,NA,NA,NA,NA,NA,NA,NA,41,7295,99,57,0.246,number,squareMillimeter,percent,gramsPerSquareMeter,NA
DP1.10026.001,BARR,cfc_LMA,2022,BARR,NA,BARR_006.basePlot.cfc,distributed,TN1TQAl40/vs6dka0vUsZZjqrIbY6rR7ov13X+8d2xU=,A00000349345,1,NA,NA,NA,NA,NA,NA,2022,2022,NA,NA,NA,NA,NA,NA,NA,NA,NA,NA,NA,0.695,NA,NA,NA,NA,NA,gram,NA,NA,NA,NA,0.265,NA,NA,NA,NA,NA,NA,NA,NA,NA,NA,NA,gram,NA,NA,NA,NA,NA,NA,NA,NA,NA,NA,NA,NA,NA,NA,NA,NA,NA,NA,NA,NA,NA,NA,NA,NA,NA,NA,NA,NA,NA,NA,NA,NA,NA,NA,NA,NA,NA,NA,NA,NA,NA,NA,NA,NA,26,4420,99,60,0.381,number,squareMillimeter,percent,gramsPerSquareMeter,NA
DP1.10026.001,BARR,cfc_LMA,2022,BARR,NA,BARR_007.basePlot.cfc,distributed,TN1TQAl40/uovFJwr6HcovMNF59+jaORcyfSa7CIuxQ=,A00000349331,1,NA,NA,NA,NA,NA,NA,2022,2022,NA,NA,NA,NA,NA,NA,NA,NA,NA,NA,NA,0.525,NA,NA,NA,NA,NA,gram,NA,NA,NA,NA,0.176,NA,NA,NA,NA,NA,NA,NA,NA,NA,NA,NA,gram,NA,NA,NA,NA,NA,NA,NA,NA,NA,NA,NA,NA,NA,NA,NA,NA,NA,NA,NA,NA,NA,NA,NA,NA,NA,NA,NA,NA,NA,NA,NA,NA,NA,NA,NA,NA,NA,NA,NA,NA,NA,NA,NA,NA,12,2302,99,76.5,0.335,number,squareMillimeter,percent,gramsPerSquareMeter,NA
DP1.10026.001,BARR,cfc_LMA,2022,BARR,NA,BARR_008.basePlot.cfc,distributed,TN1TQAl40/t5vglrnm9Mr62329N+eC4tlnqcjAJMAgo=,A00000349327,1,NA,NA,NA,NA,NA,NA,2022,2022,NA,NA,NA,NA,NA,NA,NA,NA,NA,NA,NA,0.325,NA,NA,NA,NA,NA,gram,NA,NA,NA,NA,0.117,NA,NA,NA,NA,NA,NA,NA,NA,NA,NA,NA,gram,NA,NA,NA,NA,NA,NA,NA,NA,NA,NA,NA,NA,NA,NA,NA,NA,NA,NA,NA,NA,NA,NA,NA,NA,NA,NA,NA,NA,NA,NA,NA,NA,NA,NA,NA,NA,NA,NA,NA,NA,NA,NA,NA,NA,17,1736,100,67.4,0.36,number,squareMillimeter,percent,gramsPerSquareMeter,NA
DP1.10026.001,BARR,cfc_LMA,2022,BARR,NA,BARR_009.basePlot.cfc,distributed,TN1TQAl40/uqpVfkODdhLAh1GqXaQyAdZjgD+nZvrVw=,A00000349357,1,NA,NA,NA,NA,NA,NA,2022,2022,NA,NA,NA,NA,NA,NA,NA,NA,NA,NA,NA,1.272,NA,NA,NA,NA,NA,gram,NA,NA,NA,NA,0.344,NA,NA,NA,NA,NA,NA,NA,NA,NA,NA,NA,gram,NA,NA,NA,NA,NA,NA,NA,NA,NA,NA,NA,NA,NA,NA,NA,NA,NA,NA,NA,NA,NA,NA,NA,NA,NA,NA,NA,NA,NA,NA,NA,NA,NA,NA,NA,NA,NA,NA,NA,NA,NA,NA,NA,NA,23,5245,100,65.6,0.27,number,squareMillimeter,percent,gramsPerSquareMeter,NA
DP1.10026.001,BARR,cfc_LMA,2022,BARR,NA,BARR_011.basePlot.cfc,distributed,TN1TQAl40/tyHYgMn9YmcP1hNBO6LEG9+ptMMnWyb24=,A00000349330,1,NA,NA,NA,NA,NA,NA,2022,2022,NA,NA,NA,NA,NA,NA,NA,NA,NA,NA,NA,0.462,NA,NA,NA,NA,NA,gram,NA,NA,NA,NA,0.159,NA,NA,NA,NA,NA,NA,NA,NA,NA,NA,NA,gram,NA,NA,NA,NA,NA,NA,NA,NA,NA,NA,NA,NA,NA,NA,NA,NA,NA,NA,NA,NA,NA,NA,NA,NA,NA,NA,NA,NA,NA,NA,NA,NA,NA,NA,NA,NA,NA,NA,NA,NA,NA,NA,NA,NA,18,2978,98,53.4,0.344,number,squareMillimeter,percent,gramsPerSquareMeter,NA
DP1.10026.001,BARR,cfc_LMA,2022,BARR,NA,BARR_013.basePlot.cfc,distributed,TN1TQAl40/uSwIilM+BaXzQHgi1JM9mOlXKgXIOfADg=,A00000349312,1,NA,NA,NA,NA,NA,NA,2022,2022,NA,NA,NA,NA,NA,NA,NA,NA,NA,NA,NA,0.845,NA,NA,NA,NA,NA,gram,NA,NA,NA,NA,0.211,NA,NA,NA,NA,NA,NA,NA,NA,NA,NA,NA,gram,NA,NA,NA,NA,NA,NA,NA,NA,NA,NA,NA,NA,NA,NA,NA,NA,NA,NA,NA,NA,NA,NA,NA,NA,NA,NA,NA,NA,NA,NA,NA,NA,NA,NA,NA,NA,NA,NA,NA,NA,NA,NA,NA,NA,20,4055,100,52,0.25,number,squareMillimeter,percent,gramsPerSquareMeter,NA
DP1.10026.001,BARR,cfc_LMA,2022,BARR,NA,BARR_014.basePlot.cfc,distributed,TN1TQAl40/vkUREDaN0DgbD1lpx6G23xHj3RFKwcoA0=,A00000349359,1,NA,NA,NA,NA,NA,NA,2022,2022,NA,NA,NA,NA,NA,NA,NA,NA,NA,NA,NA,0.774,NA,NA,NA,NA,NA,gram,NA,NA,NA,NA,0.238,NA,NA,NA,NA,NA,NA,NA,NA,NA,NA,NA,gram,NA,NA,NA,NA,NA,NA,NA,NA,NA,NA,NA,NA,NA,NA,NA,NA,NA,NA,NA,NA,NA,NA,NA,NA,NA,NA,NA,NA,NA,NA,NA,NA,NA,NA,NA,NA,NA,NA,NA,NA,NA,NA,NA,NA,12,4135,100,57.6,0.307,number,squareMillimeter,percent,gramsPerSquareMeter,NA
DP1.10026.001,BARR,cfc_LMA,2022,BARR,NA,BARR_015.basePlot.cfc,distributed,TN1TQAl40/sB+d9UYqY0n5SzmRzSg575JKl84e9jPnc=,A00000349341,1,NA,NA,NA,NA,NA,NA,2022,2022,NA,NA,NA,NA,NA,NA,NA,NA,NA,NA,NA,0.404,NA,NA,NA,NA,NA,gram,NA,NA,NA,NA,0.141,NA,NA,NA,NA,NA,NA,NA,NA,NA,NA,NA,gram,NA,NA,NA,NA,NA,NA,NA,NA,NA,NA,NA,NA,NA,NA,NA,NA,NA,NA,NA,NA,NA,NA,NA,NA,NA,NA,NA,NA,NA,NA,NA,NA,NA,NA,NA,NA,NA,NA,NA,NA,NA,NA,NA,NA,15,2881,95,48.9,0.349,number,squareMillimeter,percent,gramsPerSquareMeter,NA
DP1.10026.001,BARR,cfc_LMA,2022,BARR,NA,BARR_016.basePlot.cfc,distributed,TN1TQAl40/vGDEGwGaeW20XbFsp0mauRk6h8L2x2Gdg=,A00000349325,1,NA,NA,NA,NA,NA,NA,2022,2022,NA,NA,NA,NA,NA,NA,NA,NA,NA,NA,NA,0.492,NA,NA,NA,NA,NA,gram,NA,NA,NA,NA,0.193,NA,NA,NA,NA,NA,NA,NA,NA,NA,NA,NA,gram,NA,NA,NA,NA,NA,NA,NA,NA,NA,NA,NA,NA,NA,NA,NA,NA,NA,NA,NA,NA,NA,NA,NA,NA,NA,NA,NA,NA,NA,NA,NA,NA,NA,NA,NA,NA,NA,NA,NA,NA,NA,NA,NA,NA,15,2971,100,65,0.392,number,squareMillimeter,percent,gramsPerSquareMeter,NA
DP1.10026.001,BARR,cfc_LMA,2022,BARR,NA,BARR_017.basePlot.cfc,distributed,TN1TQAl40/v5a6n6GQA9zFQbBMzjJeXD6foPJDvYJZE=,A00000349376,1,NA,NA,NA,NA,NA,NA,2022,2022,NA,NA,NA,NA,NA,NA,NA,NA,NA,NA,NA,2.107,NA,NA,NA,NA,NA,gram,NA,NA,NA,NA,0.511,NA,NA,NA,NA,NA,NA,NA,NA,NA,NA,NA,gram,NA,NA,NA,NA,NA,NA,NA,NA,NA,NA,NA,NA,NA,NA,NA,NA,NA,NA,NA,NA,NA,NA,NA,NA,NA,NA,NA,NA,NA,NA,NA,NA,NA,NA,NA,NA,NA,NA,NA,NA,NA,NA,NA,NA,20,7801,98,65.5,0.243,number,squareMillimeter,percent,gramsPerSquareMeter,NA
DP1.10026.001,BARR,cfc_LMA,2022,BARR,NA,BARR_021.basePlot.cfc,distributed,TN1TQAl40/s7xeUhBKt6OhkNFhetsQidMDYwQw/jEV8=,A00000349374,1,NA,NA,NA,NA,NA,NA,2022,2022,NA,NA,NA,NA,NA,NA,NA,NA,NA,NA,NA,0.736,NA,NA,NA,NA,NA,gram,NA,NA,NA,NA,0.189,NA,NA,NA,NA,NA,NA,NA,NA,NA,NA,NA,gram,NA,NA,NA,NA,NA,NA,NA,NA,NA,NA,NA,NA,NA,NA,NA,NA,NA,NA,NA,NA,NA,NA,NA,NA,NA,NA,NA,NA,NA,NA,NA,NA,NA,NA,NA,NA,NA,NA,NA,NA,NA,NA,NA,NA,13,2232,100,84.7,0.257,number,squareMillimeter,percent,gramsPerSquareMeter,NA
DP1.10026.001,BARR,cfc_LMA,2022,BARR,NA,BARR_024.basePlot.cfc,distributed,TN1TQAl40/tuav5tsd9+KHxJ7HPMNOn6YWTozWOxLzU=,A00000349377,1,NA,NA,NA,NA,NA,NA,2022,2022,NA,NA,NA,NA,NA,NA,NA,NA,NA,NA,NA,0.761,NA,NA,NA,NA,NA,gram,NA,NA,NA,NA,0.224,NA,NA,NA,NA,NA,NA,NA,NA,NA,NA,NA,gram,NA,NA,NA,NA,NA,NA,NA,NA,NA,NA,NA,NA,NA,NA,NA,NA,NA,NA,NA,NA,NA,NA,NA,NA,NA,NA,NA,NA,NA,NA,NA,NA,NA,NA,NA,NA,NA,NA,NA,NA,NA,NA,NA,NA,16,4369,100,51.3,0.294,number,squareMillimeter,percent,gramsPerSquareMeter,NA
DP1.10026.001,BARR,cfc_LMA,2022,BARR,NA,BARR_051.basePlot.cfc,tower,TN1TQAl40/vcB2Ec91NqfJVubm+7apHMGohFPYedunA=,A00000349373,1,NA,NA,NA,NA,NA,NA,2022,2022,NA,NA,NA,NA,NA,NA,NA,NA,NA,NA,NA,0.722,NA,NA,NA,NA,NA,gram,NA,NA,NA,NA,0.325,NA,NA,NA,NA,NA,NA,NA,NA,NA,NA,NA,gram,NA,NA,NA,NA,NA,NA,NA,NA,NA,NA,NA,NA,NA,NA,NA,NA,NA,NA,NA,NA,NA,NA,NA,NA,NA,NA,NA,NA,NA,NA,NA,NA,NA,NA,NA,NA,NA,NA,NA,NA,NA,NA,NA,NA,16,4516,95,72,0.45,number,squareMillimeter,percent,gramsPerSquareMeter,NA
DP1.10026.001,BARR,cfc_LMA,2022,BARR,NA,BARR_052.basePlot.cfc,tower,TN1TQAl40/uXOsNBlNapeJzoQd69lZ9O5aycK4QqKCE=,A00000349309,1,NA,NA,NA,NA,NA,NA,2022,2022,NA,NA,NA,NA,NA,NA,NA,NA,NA,NA,NA,0.563,NA,NA,NA,NA,NA,gram,NA,NA,NA,NA,0.261,NA,NA,NA,NA,NA,NA,NA,NA,NA,NA,NA,gram,NA,NA,NA,NA,NA,NA,NA,NA,NA,NA,NA,NA,NA,NA,NA,NA,NA,NA,NA,NA,NA,NA,NA,NA,NA,NA,NA,NA,NA,NA,NA,NA,NA,NA,NA,NA,NA,NA,NA,NA,NA,NA,NA,NA,17,3549,100,73.5,0.464,number,squareMillimeter,percent,gramsPerSquareMeter,NA
DP1.10026.001,BARR,cfc_LMA,2022,BARR,NA,BARR_053.basePlot.cfc,tower,TN1TQAl40/t21cP1BVrMyXRY7cVaXOQWsXydI3J/3Jg=,A00000349360,1,NA,NA,NA,NA,NA,NA,2022,2022,NA,NA,NA,NA,NA,NA,NA,NA,NA,NA,NA,0.641,NA,NA,NA,NA,NA,gram,NA,NA,NA,NA,0.268,NA,NA,NA,NA,NA,NA,NA,NA,NA,NA,NA,gram,NA,NA,NA,NA,NA,NA,NA,NA,NA,NA,NA,NA,NA,NA,NA,NA,NA,NA,NA,NA,NA,NA,NA,NA,NA,NA,NA,NA,NA,NA,NA,NA,NA,NA,NA,NA,NA,NA,NA,NA,NA,NA,NA,NA,24,4588,94,58.4,0.418,number,squareMillimeter,percent,gramsPerSquareMeter,NA
DP1.10026.001,BARR,cfc_LMA,2022,BARR,NA,BARR_054.basePlot.cfc,tower,TN1TQAl40/vZeRSBmDuJklpjLtn71qk6KsOFQV8ykAo=,A00000349342,1,NA,NA,NA,NA,NA,NA,2022,2022,NA,NA,NA,NA,NA,NA,NA,NA,NA,NA,NA,0.854,NA,NA,NA,NA,NA,gram,NA,NA,NA,NA,0.314,NA,NA,NA,NA,NA,NA,NA,NA,NA,NA,NA,gram,NA,NA,NA,NA,NA,NA,NA,NA,NA,NA,NA,NA,NA,NA,NA,NA,NA,NA,NA,NA,NA,NA,NA,NA,NA,NA,NA,NA,NA,NA,NA,NA,NA,NA,NA,NA,NA,NA,NA,NA,NA,NA,NA,NA,25,5044,100,62.3,0.368,number,squareMillimeter,percent,gramsPerSquareMeter,NA
